timestamp,aircraft_id,latitude,longitude,altitude,speed,heading,latitude_change,longitude_change,altitude_change,speed_change,position_change,speed_anomaly,altitude_anomaly,position_anomaly,altitude_change_anomaly,evidence_count,risk_score,risk_level,explanation
2026-09-23 10:00:00,A123,12.946430092211935,77.61603692001421,32069,483,315,,,,,0.0,False,False,False,False,0,0,NORMAL,Normal flight behavior
2026-09-23 10:00:10,A123,12.959651195082529,77.62308941845008,32038,481,315,0.013221102870593526,0.007052498435868415,-31.0,-2.0,0.014984501836989537,False,False,False,False,0,0,NORMAL,Normal flight behavior
2026-09-23 10:00:20,A123,12.965773770307267,77.63309546729359,32048,485,315,0.006122575224738469,0.010006048843507642,10.0,4.0,0.011730598486063785,False,False,False,False,0,0,NORMAL,Normal flight behavior
2026-09-23 10:00:30,A123,12.975027275289712,77.64166818697258,32117,480,315,0.009253504982444483,0.008572719678994645,69.0,-5.0,0.012614233117980139,False,False,False,False,0,0,NORMAL,Normal flight behavior
2026-09-23 10:00:40,A123,12.9877092526439,77.65305696568998,32135,480,315,0.012681977354187524,0.011388778717403625,18.0,0.0,0.017045140958235307,False,False,False,False,0,0,NORMAL,Normal flight behavior
2026-09-23 10:00:50,A123,12.995681567966436,77.65838321460552,32095,475,315,0.007972315322536616,0.005326248915537235,-40.0,-5.0,0.009587843298271706,False,False,False,False,0,0,NORMAL,Normal flight behavior
2026-09-23 10:01:00,A123,13.008815340450353,77.66885868099318,32034,480,315,0.013133772483916673,0.010475466387660504,-61.0,5.0,0.016799743322393104,False,False,False,False,0,0,NORMAL,Normal flight behavior
2026-09-23 10:01:10,A123,13.022416747098951,77.68267744183683,32023,481,315,0.013601406648598768,0.013818760843648192,-11.0,1.0,0.01938959551085301,False,False,False,False,0,0,NORMAL,Normal flight behavior
2026-09-23 10:01:20,A123,13.03322174343877,77.68963819344508,31935,478,315,0.010804996339818018,0.006960751608247051,-88.0,-3.0,0.012853015554926971,False,False,False,False,0,0,NORMAL,Normal flight behavior
2026-09-23 10:01:30,A123,13.041349078377165,77.70137531095607,32006,477,315,0.008127334938395236,0.011737117510989492,71.0,-1.0,0.014276326581709879,False,False,False,False,0,0,NORMAL,Normal flight behavior
2026-09-23 10:01:40,A123,13.056115909029243,77.71424194303947,32053,479,315,0.01476683065207851,0.012866632083401441,47.0,2.0,0.019585951819525667,False,False,False,False,0,0,NORMAL,Normal flight behavior
2026-09-23 10:01:50,A123,13.06201550405017,77.72056258702733,32092,475,315,0.005899595020926185,0.006320643987862695,39.0,-4.0,0.008646141441836461,False,False,False,False,0,0,NORMAL,Normal flight behavior
2026-09-23 10:02:00,A123,13.067776480886456,77.7302676419422,32076,476,315,0.005760976836286957,0.009705054914874722,-16.0,1.0,0.011286139508661449,False,False,False,False,0,0,NORMAL,Normal flight behavior
2026-09-23 10:02:10,A123,13.075984151250337,77.73940552936179,32050,477,315,0.008207670363880482,0.00913788741958399,-26.0,1.0,0.012282786300148405,False,False,False,False,0,0,NORMAL,Normal flight behavior
2026-09-23 10:02:20,A123,13.080986862284837,77.75335052985136,32037,479,315,0.005002711034499896,0.013945000489570702,-13.0,2.0,0.014815200179168493,False,False,False,False,0,0,NORMAL,Normal flight behavior
2026-09-23 10:02:30,A123,13.088109160485434,77.76797271321834,31992,482,315,0.007122298200597399,0.01462218336698129,-45.0,3.0,0.016264543586460005,False,False,False,False,0,0,NORMAL,Normal flight behavior
2026-09-23 10:02:40,A123,13.098784754085935,77.77561571908393,31973,484,315,0.010675593600501188,0.007643005865588748,-19.0,2.0,0.013129502556627419,False,False,False,False,0,0,NORMAL,Normal flight behavior
2026-09-23 10:02:50,A123,13.107232891987998,77.78740400731841,31892,479,315,0.008448137902062669,0.011788288234484412,-81.0,-5.0,0.01450292292993214,False,False,False,False,0,0,NORMAL,Normal flight behavior
2026-09-23 10:03:00,A123,13.11971698438867,77.80228966241167,31859,481,315,0.012484092400672608,0.014885655093252126,-33.0,2.0,0.01942769390905144,False,False,False,False,0,0,NORMAL,Normal flight behavior
2026-09-23 10:03:10,A123,13.13440285328536,77.81104298431377,31834,481,315,0.014685868896689769,0.008753321902105426,-25.0,0.0,0.017096648489474144,False,False,False,False,0,0,NORMAL,Normal flight behavior
2026-09-23 10:03:20,A123,13.145200609404164,77.82570341880361,31743,478,315,0.010797756118803292,0.014660434489840668,-91.0,-3.0,0.0182076872949879,False,False,False,False,0,0,NORMAL,Normal flight behavior
2026-09-23 10:03:30,A123,13.159330486190168,77.83746136167406,31693,477,315,0.014129876786004303,0.011757942870445959,-50.0,-1.0,0.01838212823729435,False,False,False,False,0,0,NORMAL,Normal flight behavior
2026-09-23 10:03:40,A123,13.172489128844337,77.84281399511545,31646,472,315,0.013158642654168773,0.005352633441390253,-47.0,-5.0,0.01420565244041959,False,False,False,False,0,0,NORMAL,Normal flight behavior
2026-09-23 10:03:50,A123,13.179467703143407,77.85151813760031,31583,472,315,0.006978574299070672,0.00870414248485929,-63.0,0.0,0.011156280547045335,False,False,False,False,0,0,NORMAL,Normal flight behavior
2026-09-23 10:04:00,A123,13.189813054267791,77.86508785388901,31530,475,315,0.01034535112438384,0.013569716288699851,-53.0,3.0,0.017063513414376185,False,False,False,False,0,0,NORMAL,Normal flight behavior
2026-09-23 10:04:10,A123,13.197389554810982,77.87933471114236,31443,473,315,0.007576500543191145,0.014246857253354506,-87.0,-2.0,0.01613617990970712,False,False,False,False,0,0,NORMAL,Normal flight behavior
2026-09-23 10:04:20,A123,13.212299176982365,77.88596296900921,31474,468,315,0.014909622171382253,0.006628257866850618,31.0,-5.0,0.016316575487608922,False,False,False,False,0,0,NORMAL,Normal flight behavior
2026-09-23 10:04:30,A123,13.221783737633844,77.89782193268759,31433,464,315,0.009484560651479512,0.011858963678378132,-41.0,-4.0,0.015185253052770811,False,False,False,False,0,0,NORMAL,Normal flight behavior
2026-09-23 10:04:40,A123,13.234586013944597,77.90731012032616,31430,466,315,0.012802276310752703,0.00948818763856707,-3.0,2.0,0.0159349924192488,False,False,False,False,0,0,NORMAL,Normal flight behavior
2026-09-23 10:04:50,A123,13.24248586119782,77.9212797103679,31475,461,315,0.007899847253222347,0.013969590041739366,45.0,-5.0,0.016048583506294515,False,False,False,False,0,0,NORMAL,Normal flight behavior
2026-09-23 10:05:00,A123,13.253818494353824,77.93386005976724,31554,456,315,0.0113326331560053,0.01258034939934305,79.0,-5.0,0.016932033701187274,False,False,False,False,0,0,NORMAL,Normal flight behavior
2026-09-23 10:05:10,A123,13.259370039881452,77.94373864079401,31467,455,315,0.005551545527627155,0.00987858102676853,-87.0,-1.0,0.011331638047861758,False,False,False,False,0,0,NORMAL,Normal flight behavior
2026-09-23 10:05:20,A123,13.26777004874561,77.957964157786,31468,460,315,0.008400008864159147,0.014225516991984932,1.0,5.0,0.016520456489068462,False,False,False,False,0,0,NORMAL,Normal flight behavior
2026-09-23 10:05:30,A123,13.27966740106467,77.96301635628511,31499,463,315,0.01189735231905864,0.005052198499114979,31.0,3.0,0.012925621914564485,False,False,False,False,0,0,NORMAL,Normal flight behavior
2026-09-23 10:05:40,A123,13.291556385148713,77.97388785845845,31459,460,315,0.011888984084043486,0.010871502173344538,-40.0,-3.0,0.01611016766069411,False,False,False,False,0,0,NORMAL,Normal flight behavior
2026-09-23 10:05:50,A123,13.300043401388056,77.98089619362213,31424,465,315,0.008487016239342893,0.007008335163675383,-35.0,5.0,0.011006643739727331,False,False,False,False,0,0,NORMAL,Normal flight behavior
2026-09-23 10:06:00,A123,13.313743943243075,77.995028193302,31521,466,315,0.013700541855019566,0.014131999679875662,97.0,1.0,0.019682943430116055,False,False,False,False,0,0,NORMAL,Normal flight behavior
2026-09-23 10:06:10,A123,13.320232053786464,78.00909254742068,31524,465,315,0.006488110543388714,0.01406435411867335,3.0,-1.0,0.01548875834916007,False,False,False,False,0,0,NORMAL,Normal flight behavior
2026-09-23 10:06:20,A123,13.33094585795271,78.02374105249264,31581,465,315,0.010713804166245566,0.014648505071960471,57.0,0.0,0.018148396638709232,False,False,False,False,0,0,NORMAL,Normal flight behavior
2026-09-23 10:06:30,A123,13.342592700958226,78.0304669421147,31568,470,315,0.011646843005516772,0.006725889622060777,-13.0,5.0,0.013449406797450205,False,False,False,False,0,0,NORMAL,Normal flight behavior
2026-09-23 10:06:40,A123,13.352415680986836,78.03576758555168,31540,475,315,0.009822980028609152,0.005300643436982,-28.0,5.0,0.011161888616559233,False,False,False,False,0,0,NORMAL,Normal flight behavior
2026-09-23 10:06:50,A123,13.36252826075009,78.04315193257577,31603,477,315,0.010112579763253748,0.007384347024085969,63.0,2.0,0.01252169519036047,False,False,False,False,0,0,NORMAL,Normal flight behavior
2026-09-23 10:07:00,A123,13.370298151933982,78.05092790117764,31584,482,315,0.007769891183892597,0.007775968601876571,-19.0,5.0,0.010992583713891023,False,False,False,False,0,0,NORMAL,Normal flight behavior
2026-09-23 10:07:10,A123,13.37847913453243,78.0617930254335,31581,478,315,0.008180982598448239,0.01086512425585795,-3.0,-4.0,0.0136007132670072,False,False,False,False,0,0,NORMAL,Normal flight behavior
2026-09-23 10:07:20,A123,13.393333758307838,78.07162134273773,31560,479,315,0.014854623775407916,0.009828317304226175,-21.0,1.0,0.01781167225561558,False,False,False,False,0,0,NORMAL,Normal flight behavior
2026-09-23 10:07:30,A123,13.39842414489679,78.07926559865993,31499,482,315,0.005090386588952001,0.007644255922201637,-61.0,3.0,0.009184045090759147,False,False,False,False,0,0,NORMAL,Normal flight behavior
2026-09-23 10:07:40,A123,13.412280024294672,78.09104475910446,31478,480,315,0.01385587939788202,0.011779160444532977,-21.0,-2.0,0.018186093991473314,False,False,False,False,0,0,NORMAL,Normal flight behavior
2026-09-23 10:07:50,A123,13.424577815525607,78.10009354366201,31574,479,315,0.012297791230935218,0.009048784557549538,96.0,-1.0,0.015268142360110941,False,False,False,False,0,0,NORMAL,Normal flight behavior
2026-09-23 10:08:00,A123,13.438511173516948,78.10551006122681,31479,482,315,0.013933357991341211,0.0054165175647966635,-95.0,3.0,0.014949151395467996,False,False,False,False,0,0,NORMAL,Normal flight behavior
2026-09-23 10:08:10,A123,13.44799624970172,78.11662455959343,31451,479,315,0.009485076184772012,0.011114498366623593,-28.0,-3.0,0.014611596222610579,False,False,False,False,0,0,NORMAL,Normal flight behavior
2026-09-23 10:08:20,A123,13.4599872164833,78.13121164332452,31541,475,315,0.01199096678158007,0.014587083731086636,90.0,-4.0,0.018882963118501534,False,False,False,False,0,0,NORMAL,Normal flight behavior
2026-09-23 10:08:30,A123,13.465966944749717,78.14520206049392,31571,480,315,0.005979728266416018,0.013990417169395641,30.0,5.0,0.015214760028140274,False,False,False,False,0,0,NORMAL,Normal flight behavior
2026-09-23 10:08:40,A123,13.47920754871002,78.15142161993701,31597,475,315,0.013240603960303687,0.0062195594430960455,26.0,-5.0,0.014628619651211624,False,False,False,False,0,0,NORMAL,Normal flight behavior
2026-09-23 10:08:50,A123,13.490049666600347,78.16092706884332,31553,475,315,0.010842117890327074,0.009505448906310221,-44.0,0.0,0.014418913941702565,False,False,False,False,0,0,NORMAL,Normal flight behavior
2026-09-23 10:09:00,A123,13.495865709813629,78.17221868797263,31643,470,315,0.005816043213281219,0.011291619129309538,90.0,-5.0,0.01270145744472435,False,False,False,False,0,0,NORMAL,Normal flight behavior
2026-09-23 10:09:10,A123,13.510611604744348,78.18486148587084,31608,473,315,0.014745894930719317,0.012642797898209324,-35.0,3.0,0.019423742070022957,False,False,False,False,0,0,NORMAL,Normal flight behavior
2026-09-23 10:09:20,A123,13.523738997997995,78.19688051795104,31564,471,315,0.013127393253647313,0.012019032080203829,-44.0,-2.0,0.017798471445067236,False,False,False,False,0,0,NORMAL,Normal flight behavior
2026-09-23 10:09:30,A123,13.530911605622736,78.21142977740845,31645,466,315,0.007172607624740479,0.014549259457410813,81.0,-5.0,0.016221197579018118,False,False,False,False,0,0,NORMAL,Normal flight behavior
2026-09-23 10:09:40,A123,13.53694352317522,78.2198838340788,31606,463,315,0.00603191755248389,0.008454056670345267,-39.0,-3.0,0.01038533117167539,False,False,False,False,0,0,NORMAL,Normal flight behavior
2026-09-23 10:09:50,A123,13.54917933883243,78.22799676927364,31619,462,315,0.01223581565720977,0.008112935194844795,13.0,-1.0,0.014681106983908641,False,False,False,False,0,0,NORMAL,Normal flight behavior
2026-09-23 10:10:00,A123,13.56015169041063,78.2421905261442,31609,464,315,0.01097235157820009,0.014193756870554353,-10.0,2.0,0.01794032422382714,False,False,False,False,0,0,NORMAL,Normal flight behavior
2026-09-23 10:10:10,A123,13.571938182874996,78.25304133159187,31680,466,315,0.011786492464366916,0.010850805447674361,71.0,2.0,0.01602065490159056,False,False,False,False,0,0,NORMAL,Normal flight behavior
2026-09-23 10:10:20,A123,13.584960286622348,78.25804212138965,31620,463,315,0.013022103747351466,0.005000789797776406,-60.0,-3.0,0.013949304090467369,False,False,False,False,0,0,NORMAL,Normal flight behavior
2026-09-23 10:10:30,A123,13.59530191030152,78.26369761223948,31660,461,315,0.010341623679172685,0.005655490849832745,40.0,-2.0,0.011787016461945196,False,False,False,False,0,0,NORMAL,Normal flight behavior
2026-09-23 10:10:40,A123,13.600488208578629,78.27813993916602,31648,462,315,0.005186298277108037,0.014442326926541682,-12.0,1.0,0.015345308627468027,False,False,False,False,0,0,NORMAL,Normal flight behavior
2026-09-23 10:10:50,A123,13.613880198173934,78.28720833878332,31648,460,315,0.013391989595305631,0.009068399617291334,0.0,-2.0,0.01617347386740597,False,False,False,False,0,0,NORMAL,Normal flight behavior
2026-09-23 10:11:00,A123,13.628865030630369,78.29368501449844,31677,462,315,0.01498483245643456,0.00647667571512045,29.0,2.0,0.01632459898638388,False,False,False,False,0,0,NORMAL,Normal flight behavior
2026-09-23 10:11:10,A123,13.63589785118438,78.29936443208955,31766,459,315,0.00703282055401111,0.005679417591110791,89.0,-3.0,0.009039709570508326,False,False,False,False,0,0,NORMAL,Normal flight behavior
2026-09-23 10:11:20,A123,13.645795666984537,78.30712748529807,31738,461,315,0.009897815800156806,0.007763053208520887,-28.0,2.0,0.012579020340716528,False,False,False,False,0,0,NORMAL,Normal flight behavior
2026-09-23 10:11:30,A123,13.659168584185815,78.31830608987175,31638,459,315,0.013372917201278867,0.011178604573686357,-100.0,-2.0,0.01742974798117006,False,False,False,False,0,0,NORMAL,Normal flight behavior
2026-09-23 10:11:40,A123,13.669931663288502,78.32999220218765,31635,463,315,0.010763079102686035,0.011686112315899777,-3.0,4.0,0.015887387854222647,False,False,False,False,0,0,NORMAL,Normal flight behavior
2026-09-23 10:11:50,A123,13.679166516640676,78.34144235433224,31584,460,315,0.009234853352174,0.01145015214459022,-51.0,-3.0,0.014710149576752214,False,False,False,False,0,0,NORMAL,Normal flight behavior
2026-09-23 10:12:00,A123,13.685358888559788,78.35171987267135,31560,458,315,0.006192371919112816,0.010277518339108838,-24.0,-2.0,0.01199886882982456,False,False,False,False,0,0,NORMAL,Normal flight behavior
2026-09-23 10:12:10,A123,13.691268763257314,78.36177652823456,31558,456,315,0.0059098746975259075,0.010056655563204231,-2.0,-2.0,0.011664602010243793,False,False,False,False,0,0,NORMAL,Normal flight behavior
2026-09-23 10:12:20,A123,13.702860357211753,78.36850352316843,31643,452,315,0.01159159395443865,0.006726994933870856,85.0,-4.0,0.013402145770170642,False,False,False,False,0,0,NORMAL,Normal flight behavior
2026-09-23 10:12:30,A123,13.7164267477555,78.37600872449246,31579,457,315,0.01356639054374753,0.007505201324036648,-64.0,5.0,0.015504031711132555,False,False,False,False,0,0,NORMAL,Normal flight behavior
2026-09-23 10:12:40,A123,13.7273636298885,78.3892254117716,31542,455,315,0.010936882132998704,0.01321668727914016,-37.0,-2.0,0.01715506378378383,False,False,False,False,0,0,NORMAL,Normal flight behavior
2026-09-23 10:12:50,A123,13.73480701284962,78.40105894759526,31606,455,315,0.0074433829611209035,0.011833535823654984,64.0,0.0,0.013979861229484032,False,False,False,False,0,0,NORMAL,Normal flight behavior
2026-09-23 10:13:00,A123,13.74183454135328,78.40849771090535,31603,452,315,0.007027528503659397,0.00743876331009119,-3.0,-3.0,0.01023334532072988,False,False,False,False,0,0,NORMAL,Normal flight behavior
2026-09-23 10:13:10,A123,13.74889195141349,78.41557339879054,31625,447,315,0.007057410060211211,0.007075687885190973,22.0,-5.0,0.00999361775367703,False,False,False,False,0,0,NORMAL,Normal flight behavior
2026-09-23 10:13:20,A123,13.762538205527962,78.42435181239631,31536,448,315,0.01364625411447129,0.00877841360576781,-89.0,1.0,0.016225929766600557,False,False,False,False,0,0,NORMAL,Normal flight behavior
2026-09-23 10:13:30,A123,13.772606012748948,78.43832448802927,31603,444,315,0.010067807220986325,0.013972675632956566,67.0,-4.0,0.0172219745262488,False,False,False,False,0,0,NORMAL,Normal flight behavior
2026-09-23 10:13:40,A123,13.785867298075017,78.45308222532863,31528,446,315,0.013261285326068517,0.014757737299362361,-75.0,2.0,0.01984067787895341,False,False,False,False,0,0,NORMAL,Normal flight behavior
2026-09-23 10:13:50,A123,13.791062933597512,78.46582527203874,31485,448,315,0.005195635522495579,0.012743046710113504,-43.0,2.0,0.013761535813227843,False,False,False,False,0,0,NORMAL,Normal flight behavior
2026-09-23 10:14:00,A123,13.797273151564312,78.47090434320761,31449,452,315,0.006210217966799547,0.005079071168864857,-36.0,4.0,0.008022703480345894,False,False,False,False,0,0,NORMAL,Normal flight behavior
2026-09-23 10:14:10,A123,13.8107677250177,78.47937187332288,31458,452,315,0.01349457345338756,0.008467530115268573,9.0,0.0,0.015931182597090913,False,False,False,False,0,0,NORMAL,Normal flight behavior
2026-09-23 10:14:20,A123,13.822649904424589,78.4890851396528,31448,447,315,0.011882179406889293,0.009713266329924863,-10.0,-5.0,0.015347108204921082,False,False,False,False,0,0,NORMAL,Normal flight behavior
2026-09-23 10:14:30,A123,13.836629816964289,78.49517192862837,31409,450,315,0.013979912539699768,0.006086788975565582,-39.0,3.0,0.015247522902121563,False,False,False,False,0,0,NORMAL,Normal flight behavior
2026-09-23 10:14:40,A123,13.844608585775829,78.50826648866604,31460,455,315,0.007978768811540249,0.013094560037671954,51.0,5.0,0.015333892341092092,False,False,False,False,0,0,NORMAL,Normal flight behavior
2026-09-23 10:14:50,A123,13.852282574707967,78.51904297058844,31406,456,315,0.0076739889321384425,0.010776481922405878,-54.0,1.0,0.013229613325963991,False,False,False,False,0,0,NORMAL,Normal flight behavior
2026-09-23 10:15:00,A123,13.85791985284905,78.52823743326962,31429,451,315,0.005637278141083613,0.009194462681179516,23.0,-5.0,0.01078503819351336,False,False,False,False,0,0,NORMAL,Normal flight behavior
2026-09-23 10:15:10,A123,13.86424796363451,78.53442879154292,31424,456,315,0.006328110785458918,0.00619135827329842,-5.0,5.0,0.008853129581192307,False,False,False,False,0,0,NORMAL,Normal flight behavior
2026-09-23 10:15:20,A123,13.875070689490846,78.54058290714941,31362,452,315,0.010822725856336035,0.006154115606491928,-62.0,-4.0,0.012450081680835353,False,False,False,False,0,0,NORMAL,Normal flight behavior
2026-09-23 10:15:30,A123,13.881482231113676,78.55235737159752,31400,453,315,0.006411541622830086,0.011774464448109256,38.0,1.0,0.013406933990330208,False,False,False,False,0,0,NORMAL,Normal flight behavior
2026-09-23 10:15:40,A123,13.887329569090705,78.5594574860042,31458,457,315,0.005847337977028744,0.007100114406682678,58.0,4.0,0.009197988149893732,False,False,False,False,0,0,NORMAL,Normal flight behavior
2026-09-23 10:15:50,A123,13.893303673677885,78.57069292702623,31502,462,315,0.005974104587179951,0.011235441022023451,44.0,5.0,0.01272497782229627,False,False,False,False,0,0,NORMAL,Normal flight behavior
2026-09-23 10:16:00,A123,13.906020710974907,78.58012198612147,31469,462,315,0.01271703729702267,0.009429059095239722,-33.0,0.0,0.015831304211447288,False,False,False,False,0,0,NORMAL,Normal flight behavior
2026-09-23 10:16:10,A123,13.912688920441282,78.59191963974015,31488,458,315,0.006668209466374364,0.0117976536186859,19.0,-4.0,0.013551739681455557,False,False,False,False,0,0,NORMAL,Normal flight behavior
2026-09-23 10:16:20,A123,13.924585561557356,78.59757569330124,31427,454,315,0.011896641116074136,0.0056560535610827856,-61.0,-4.0,0.013172737442555474,False,False,False,False,0,0,NORMAL,Normal flight behavior
2026-09-23 10:16:30,A123,13.932835986946074,78.60303919514942,31444,455,315,0.008250425388718341,0.005463501848183228,17.0,1.0,0.009895421746439599,False,False,False,False,0,0,NORMAL,Normal flight behavior
2026-09-23 10:00:00,B456,13.124087281178143,77.53746541138885,30439,494,35,,,,,0.0,False,False,False,False,0,0,NORMAL,Normal flight behavior
2026-09-23 10:00:10,B456,13.130954878663909,77.54476123028171,30367,493,35,0.0068675974857654865,0.007295818892856687,-72.0,-1.0,0.010019624171786933,False,False,False,False,0,0,NORMAL,Normal flight behavior
2026-09-23 10:00:20,B456,13.144331232234975,77.55089769457726,30345,489,35,0.013376353571066701,0.006136464295551036,-22.0,-4.0,0.01471676013627869,False,False,False,False,0,0,NORMAL,Normal flight behavior
2026-09-23 10:00:30,B456,13.157237411575949,77.5594149025268,30297,487,35,0.012906179340973267,0.00851720794953792,-48.0,-2.0,0.0154632563335488,False,False,False,False,0,0,NORMAL,Normal flight behavior
2026-09-23 10:00:40,B456,13.170899522848371,77.56649940014567,30388,490,35,0.01366211127242245,0.0070844976188766395,91.0,3.0,0.015389717051717402,False,False,False,False,0,0,NORMAL,Normal flight behavior
2026-09-23 10:00:50,B456,13.183663216057957,77.57616723155851,30439,487,35,0.01276369320958537,0.00966783141284111,51.0,-3.0,0.016011834016611996,False,False,False,False,0,0,NORMAL,Normal flight behavior
2026-09-23 10:01:00,B456,13.192797667857262,77.58226097812144,30532,486,35,0.009134451799305054,0.006093746562925162,93.0,-1.0,0.010980526255466519,False,False,False,False,0,0,NORMAL,Normal flight behavior
2026-09-23 10:01:10,B456,13.20086763369348,77.5907424040784,30574,481,35,0.008069965836218884,0.008481425956958333,42.0,-5.0,0.011707217212519229,False,False,False,False,0,0,NORMAL,Normal flight behavior
2026-09-23 10:01:20,B456,13.215792873081249,77.60130816074302,30509,482,35,0.01492523938776813,0.010565756664618675,-65.0,1.0,0.018286552017209783,False,False,False,False,0,0,NORMAL,Normal flight behavior
2026-09-23 10:01:30,B456,13.230094900712077,77.61523383978457,30532,483,35,0.014302027630828107,0.013925679041548733,23.0,1.0,0.01996177675261399,False,False,False,False,0,0,NORMAL,Normal flight behavior
2026-09-23 10:01:40,B456,13.242518307304612,77.6234185342972,30615,481,35,0.012423406592535713,0.008184694512635815,83.0,-2.0,0.014877172299487247,False,False,False,False,0,0,NORMAL,Normal flight behavior
2026-09-23 10:01:50,B456,13.249431242384825,77.6285348643912,30585,479,35,0.006912935080212179,0.00511633009399759,-30.0,-2.0,0.008600320055321985,False,False,False,False,0,0,NORMAL,Normal flight behavior
2026-09-23 10:02:00,B456,13.260935190451294,77.63528509020078,30650,477,35,0.01150394806646915,0.006750225809582844,65.0,-2.0,0.01333815465483804,False,False,False,False,0,0,NORMAL,Normal flight behavior
2026-09-23 10:02:10,B456,13.274477246910688,77.64191604221993,30552,472,35,0.013542056459394658,0.006630952019150982,-98.0,-5.0,0.015078355939216817,False,False,False,False,0,0,NORMAL,Normal flight behavior
2026-09-23 10:02:20,B456,13.284977644489288,77.64956750957674,30643,470,35,0.010500397578599774,0.007651467356808439,91.0,-2.0,0.012992432490529598,False,False,False,False,0,0,NORMAL,Normal flight behavior
2026-09-23 10:02:30,B456,13.293149423501992,77.65801140691634,30725,475,35,0.00817177901270405,0.008443897339603268,82.0,5.0,0.011750632941004903,False,False,False,False,0,0,NORMAL,Normal flight behavior
2026-09-23 10:02:40,B456,13.30062192406269,77.67002826968375,30707,475,35,0.007472500560698592,0.01201686276741043,-18.0,0.0,0.014150733387369569,False,False,False,False,0,0,NORMAL,Normal flight behavior
2026-09-23 10:02:50,B456,13.3152412834623,77.68353034454127,30673,477,35,0.014619359399608456,0.01350207485751298,-34.0,2.0,0.01990054508582125,False,False,False,False,0,0,NORMAL,Normal flight behavior
2026-09-23 10:03:00,B456,13.326393865324173,77.69629013147808,30717,474,35,0.0111525818618734,0.012759786936811679,44.0,-3.0,0.016946747323855912,False,False,False,False,0,0,NORMAL,Normal flight behavior
2026-09-23 10:03:10,B456,13.331655461928117,77.70189675164414,30634,469,35,0.005261596603943985,0.005606620166062726,-83.0,-5.0,0.00768886132721459,False,False,False,False,0,0,NORMAL,Normal flight behavior
2026-09-23 10:03:20,B456,13.342578924724585,77.7126579737892,30578,471,35,0.010923462796467831,0.010761222145063698,-56.0,2.0,0.01533381692603724,False,False,False,False,0,0,NORMAL,Normal flight behavior
2026-09-23 10:03:30,B456,13.353930894502335,77.72684336664814,30479,472,35,0.011351969777750881,0.014185392858934165,-99.0,1.0,0.018168450357619107,False,False,False,False,0,0,NORMAL,Normal flight behavior
2026-09-23 10:03:40,B456,13.362225171636258,77.74105994836566,30548,475,35,0.008294277133922279,0.014216581717519716,69.0,3.0,0.01645922929256476,False,False,False,False,0,0,NORMAL,Normal flight behavior
2026-09-23 10:03:50,B456,13.376539668717228,77.74657241791911,30578,478,35,0.014314497080970767,0.005512469553451638,30.0,3.0,0.015339235550015259,False,False,False,False,0,0,NORMAL,Normal flight behavior
2026-09-23 10:04:00,B456,13.388808411088707,77.75843466574062,30597,479,35,0.01226874237147868,0.011862247821511573,19.0,1.0,0.017065607599985193,False,False,False,False,0,0,NORMAL,Normal flight behavior
2026-09-23 10:04:10,B456,13.400389938901435,77.76974869276422,30503,480,35,0.011581527812728254,0.011314027023601625,-94.0,1.0,0.016190707024950637,False,False,False,False,0,0,NORMAL,Normal flight behavior
2026-09-23 10:04:20,B456,13.414602483501922,77.77732332806674,30470,482,35,0.014212544600486154,0.007574635302518118,-33.0,2.0,0.016105015491670968,False,False,False,False,0,0,NORMAL,Normal flight behavior
2026-09-23 10:04:30,B456,13.42120972664201,77.78592610849077,30461,477,35,0.006607243140088315,0.0086027804240274,-9.0,-5.0,0.01084728043964353,False,False,False,False,0,0,NORMAL,Normal flight behavior
2026-09-23 10:04:40,B456,13.42879917563643,77.79435609273065,30487,474,35,0.007589448994419712,0.00842998423988206,26.0,-3.0,0.011343031795933496,False,False,False,False,0,0,NORMAL,Normal flight behavior
2026-09-23 10:04:50,B456,13.440218301644943,77.80501554470132,30402,470,35,0.011419126008513913,0.010659451970667533,-85.0,-4.0,0.015621150889524333,False,False,False,False,0,0,NORMAL,Normal flight behavior
2026-09-23 10:05:00,B456,13.453441558673898,77.81510516797069,30303,474,35,0.01322325702895455,0.010089623269365688,-99.0,4.0,0.01663294995397754,False,False,False,False,0,0,NORMAL,Normal flight behavior
2026-09-23 10:05:10,B456,13.462018559694226,77.82748235199125,30375,479,35,0.008577001020327657,0.012377184020564869,72.0,5.0,0.015058540127835366,False,False,False,False,0,0,NORMAL,Normal flight behavior
2026-09-23 10:05:20,B456,13.470669867539844,77.8347913648591,30399,474,35,0.00865130784561785,0.007309012867850129,24.0,-5.0,0.011325493214074509,False,False,False,False,0,0,NORMAL,Normal flight behavior
2026-09-23 10:05:30,B456,13.48266123384616,77.84221941411442,30339,476,35,0.01199136630631692,0.007428049255324254,-60.0,2.0,0.014105629430542825,False,False,False,False,0,0,NORMAL,Normal flight behavior
2026-09-23 10:05:40,B456,13.487690141975644,77.85264465020678,30281,480,35,0.005028908129483867,0.010425236092359569,-58.0,4.0,0.011574777084515517,False,False,False,False,0,0,NORMAL,Normal flight behavior
2026-09-23 10:05:50,B456,13.494278176241348,77.85827706527756,30211,475,35,0.006588034265703868,0.005632415070778052,-70.0,-5.0,0.008667542616890674,False,False,False,False,0,0,NORMAL,Normal flight behavior
2026-09-23 10:06:00,B456,13.506332981015824,77.86395725102916,30115,480,35,0.012054804774475514,0.005680185751600675,-96.0,5.0,0.013326020723509512,False,False,False,False,0,0,NORMAL,Normal flight behavior
2026-09-23 10:06:10,B456,13.520172429191089,77.87762214447898,30198,482,35,0.013839448175264835,0.01366489344981403,83.0,2.0,0.019448898138213683,False,False,False,False,0,0,NORMAL,Normal flight behavior
2026-09-23 10:06:20,B456,13.5333411778952,77.88842581940847,30170,477,35,0.013168748704112332,0.01080367492949108,-28.0,-5.0,0.017033359457669362,False,False,False,False,0,0,NORMAL,Normal flight behavior
2026-09-23 10:06:30,B456,13.547718128503742,77.8951760153728,30115,476,35,0.014376950608541605,0.006750195964329464,-55.0,-1.0,0.015882753361973943,False,False,False,False,0,0,NORMAL,Normal flight behavior
2026-09-23 10:06:40,B456,13.555432812916216,77.90652451513343,30194,471,35,0.0077146844124733605,0.011348499760629238,79.0,-5.0,0.013722419699202518,False,False,False,False,0,0,NORMAL,Normal flight behavior
2026-09-23 10:06:50,B456,13.561817108801897,77.9170371526852,30215,470,35,0.006384295885681013,0.010512637551769899,21.0,-1.0,0.012299381376752495,False,False,False,False,0,0,NORMAL,Normal flight behavior
2026-09-23 10:07:00,B456,13.570533884227553,77.92496698403674,30220,475,35,0.008716775425655854,0.007929831351546568,5.0,5.0,0.01178407395959855,False,False,False,False,0,0,NORMAL,Normal flight behavior
2026-09-23 10:07:10,B456,13.581149907459844,77.93484838208579,30285,473,35,0.010616023232291383,0.009881398049046197,65.0,-2.0,0.014503171262597859,False,False,False,False,0,0,NORMAL,Normal flight behavior
2026-09-23 10:07:20,B456,13.59120716905512,77.94372308570857,30297,476,35,0.010057261595276756,0.008874703622780089,12.0,3.0,0.013413011413847929,False,False,False,False,0,0,NORMAL,Normal flight behavior
2026-09-23 10:07:30,B456,13.600422132481835,77.9527672521394,30197,473,35,0.009214963426714462,0.00904416643082584,-100.0,-3.0,0.012911719381405489,False,False,False,False,0,0,NORMAL,Normal flight behavior
2026-09-23 10:07:40,B456,13.607884333600843,77.96057322267906,30228,478,35,0.007462201119007972,0.007805970539664031,31.0,5.0,0.01079896391357183,False,False,False,False,0,0,NORMAL,Normal flight behavior
2026-09-23 10:07:50,B456,13.616961925118042,77.96922508847352,30272,476,35,0.009077591517199224,0.00865186579446231,44.0,-2.0,0.012540233230626703,False,False,False,False,0,0,NORMAL,Normal flight behavior
2026-09-23 10:08:00,B456,13.627736760842524,77.98403199022619,30194,474,35,0.010774835724481235,0.014806901752663748,-78.0,-2.0,0.018312329846379292,False,False,False,False,0,0,NORMAL,Normal flight behavior
2026-09-23 10:08:10,B456,13.636968326044736,77.9968905061443,30095,474,35,0.009231565202211911,0.01285851591811138,-99.0,0.0,0.015829189104278638,False,False,False,False,0,0,NORMAL,Normal flight behavior
2026-09-23 10:08:20,B456,51.5074,-0.1278,30146,470,35,37.87043167395526,-78.12469050614429,51.0,-4.0,86.81956497156932,False,False,True,False,1,25,LOW,sudden position change
2026-09-23 10:08:30,B456,13.64833052461969,78.02066388184761,30220,465,35,-37.85906947538031,78.1484638818476,74.0,-5.0,86.83600375785446,False,False,True,False,1,25,LOW,sudden position change
2026-09-23 10:08:40,B456,13.66025509743958,78.02574130642121,30214,465,35,0.01192457281988979,0.005077424573599387,-6.0,0.0,0.012960543091917298,False,False,False,False,0,0,NORMAL,Normal flight behavior
2026-09-23 10:08:50,B456,13.67346246808456,78.03931695951245,30188,461,35,0.013207370644980898,0.013575653091237427,-26.0,-4.0,0.01894024805031675,False,False,False,False,0,0,NORMAL,Normal flight behavior
2026-09-23 10:09:00,B456,13.68049655101206,78.05314443739834,30222,458,35,0.007034082927500407,0.01382747788589711,34.0,-3.0,0.015513783140031523,False,False,False,False,0,0,NORMAL,Normal flight behavior
2026-09-23 10:09:10,B456,13.685830256783952,78.0658592416255,30175,457,35,0.005333705771890962,0.012714804227158538,-47.0,-1.0,0.013788207417792625,False,False,False,False,0,0,NORMAL,Normal flight behavior
2026-09-23 10:09:20,B456,13.695673242739543,78.07538909490184,30107,455,35,0.009842985955591743,0.00952985327633371,-68.0,-2.0,0.01370045532055138,False,False,False,False,0,0,NORMAL,Normal flight behavior
2026-09-23 10:09:30,B456,13.707911939633274,78.08145736843687,30047,457,35,0.01223869689373025,0.006068273535035473,-60.0,2.0,0.013660514095472922,False,False,False,False,0,0,NORMAL,Normal flight behavior
2026-09-23 10:09:40,B456,13.72118169815336,78.08992763848592,30109,461,35,0.013269758520086938,0.008470270049045325,62.0,4.0,0.015742679755530002,False,False,False,False,0,0,NORMAL,Normal flight behavior
2026-09-23 10:09:50,B456,13.72856697260737,78.09623625431087,30009,456,35,0.00738527445400905,0.006308615824949015,-100.0,-5.0,0.00971292501710148,False,False,False,False,0,0,NORMAL,Normal flight behavior
2026-09-23 10:10:00,B456,13.735728645699334,78.10378031159861,29951,458,35,0.00716167309196436,0.0075440572877454315,-58.0,2.0,0.010402036427399747,False,False,False,False,0,0,NORMAL,Normal flight behavior
2026-09-23 10:10:10,B456,13.745567088144682,78.11578455693213,29993,463,35,0.00983844244534815,0.012004245333514518,42.0,5.0,0.015520852289021798,False,False,False,False,0,0,NORMAL,Normal flight behavior
2026-09-23 10:10:20,B456,13.75618534807083,78.12742081375923,30075,465,35,0.010618259926147289,0.011636256827102898,82.0,2.0,0.01575277489223801,False,False,False,False,0,0,NORMAL,Normal flight behavior
2026-09-23 10:10:30,B456,13.764228311684027,78.1388108026585,30086,470,35,0.008042963613197784,0.011389988899267678,11.0,5.0,0.01394349707959465,False,False,False,False,0,0,NORMAL,Normal flight behavior
2026-09-23 10:10:40,B456,13.779107319800064,78.15199411889793,30062,468,35,0.014879008116036374,0.013183316239434362,-24.0,-2.0,0.019879253245180264,False,False,False,False,0,0,NORMAL,Normal flight behavior
2026-09-23 10:10:50,B456,13.786072596850742,78.15772319551931,30147,468,35,0.006965277050678509,0.005729076621378226,85.0,0.0,0.009018725149727718,False,False,False,False,0,0,NORMAL,Normal flight behavior
2026-09-23 10:11:00,B456,13.796147837415594,78.16399908588822,30146,463,35,0.010075240564852095,0.006275890368911519,-1.0,-5.0,0.011870015685003853,False,False,False,False,0,0,NORMAL,Normal flight behavior
2026-09-23 10:11:10,B456,13.801920475866073,78.1771079426163,30153,467,35,0.0057726384504785955,0.013108856728081264,7.0,4.0,0.014323598688782975,False,False,False,False,0,0,NORMAL,Normal flight behavior
2026-09-23 10:11:20,B456,13.810339755513484,78.19145235935545,30078,462,35,0.00841927964741096,0.014344416739149324,-75.0,-5.0,0.016632695553267837,False,False,False,False,0,0,NORMAL,Normal flight behavior
2026-09-23 10:11:30,B456,13.818322107392918,78.19708100042648,30132,466,35,0.00798235187943419,0.005628641071027118,54.0,4.0,0.009767268903514424,False,False,False,False,0,0,NORMAL,Normal flight behavior
2026-09-23 10:11:40,B456,13.829188411230508,78.20357283743375,30193,461,35,0.010866303837589797,0.006491837007274626,61.0,-5.0,0.012657823936990083,False,False,False,False,0,0,NORMAL,Normal flight behavior
2026-09-23 10:11:50,B456,13.83445101454047,78.21063106934399,30117,459,35,0.005262603309962088,0.0070582319102356905,-76.0,-2.0,0.008804182602416496,False,False,False,False,0,0,NORMAL,Normal flight behavior
2026-09-23 10:12:00,B456,13.842320903026309,78.21708406161403,30047,464,35,0.007869888485839027,0.006452992270041591,-70.0,5.0,0.010177241965127792,False,False,False,False,0,0,NORMAL,Normal flight behavior
2026-09-23 10:12:10,B456,13.850723244126732,78.2226964076722,29956,469,35,0.008402341100422817,0.0056123460581716245,-91.0,5.0,0.010104343830478507,False,False,False,False,0,0,NORMAL,Normal flight behavior
2026-09-23 10:12:20,B456,13.85873726562684,78.23662627649186,29923,470,35,0.00801402150010766,0.013929868819658964,-33.0,1.0,0.016070649829334684,False,False,False,False,0,0,NORMAL,Normal flight behavior
2026-09-23 10:12:30,B456,13.864660234092064,78.2508126128014,30001,472,35,0.005922968465224443,0.014186336309535363,78.0,2.0,0.015373148452001778,False,False,False,False,0,0,NORMAL,Normal flight behavior
2026-09-23 10:12:40,B456,13.87187002672277,78.26544755672133,29937,472,35,0.007209792630705536,0.01463494391992981,-64.0,0.0,0.01631449335153459,False,False,False,False,0,0,NORMAL,Normal flight behavior
2026-09-23 10:12:50,B456,13.879687123179306,78.27564252853594,29906,467,35,0.007817096456536277,0.01019497181461304,-31.0,-5.0,0.012846962571423112,False,False,False,False,0,0,NORMAL,Normal flight behavior
2026-09-23 10:13:00,B456,13.8848072697866,78.28654407807541,29979,467,35,0.005120146607294984,0.010901549539468647,73.0,0.0,0.012044072552159566,False,False,False,False,0,0,NORMAL,Normal flight behavior
2026-09-23 10:13:10,B456,13.898224346206645,78.29720660416072,29987,469,35,0.013417076420044083,0.010662526085312152,8.0,2.0,0.017137893749853424,False,False,False,False,0,0,NORMAL,Normal flight behavior
2026-09-23 10:13:20,B456,13.911473775786927,78.30979679613999,29988,468,35,0.013249429580282523,0.012590191979271026,1.0,-1.0,0.018277317042656067,False,False,False,False,0,0,NORMAL,Normal flight behavior
2026-09-23 10:13:30,B456,13.918662293638192,78.31950319232818,29959,467,35,0.007188517851265175,0.009706396188192912,-29.0,-1.0,0.012078448404498152,False,False,False,False,0,0,NORMAL,Normal flight behavior
2026-09-23 10:13:40,B456,13.93078995005336,78.33347505982759,29866,470,35,0.01212765641516711,0.013971867499407153,-93.0,3.0,0.01850116568071682,False,False,False,False,0,0,NORMAL,Normal flight behavior
2026-09-23 10:13:50,B456,13.945600198772048,78.34161014556338,29789,471,35,0.014810248718688968,0.008135085735787584,-77.0,1.0,0.016897428414940626,False,False,False,False,0,0,NORMAL,Normal flight behavior
2026-09-23 10:14:00,B456,13.958367051084188,78.35258526400203,29709,476,35,0.012766852312140031,0.010975118438651066,-80.0,5.0,0.016835846955303848,False,False,False,False,0,0,NORMAL,Normal flight behavior
2026-09-23 10:14:10,B456,13.965647182705556,78.36711620424833,29700,474,35,0.007280131621367758,0.014530940246302748,-9.0,-2.0,0.016252647195643535,False,False,False,False,0,0,NORMAL,Normal flight behavior
2026-09-23 10:14:20,B456,13.972058695478312,78.37685616527962,29618,470,35,0.006411512772755756,0.00973996103128627,-82.0,-4.0,0.011660803442567126,False,False,False,False,0,0,NORMAL,Normal flight behavior
2026-09-23 10:14:30,B456,13.97957340373083,78.39009199937061,29711,469,35,0.007514708252518432,0.013235834090991716,93.0,-1.0,0.015220320108484155,False,False,False,False,0,0,NORMAL,Normal flight behavior
2026-09-23 10:14:40,B456,13.985279263852531,78.40267371790422,29632,472,35,0.005705860121700823,0.012581718533610342,-79.0,3.0,0.013815081649683062,False,False,False,False,0,0,NORMAL,Normal flight behavior
2026-09-23 10:14:50,B456,13.99879442409693,78.4077907109219,29700,477,35,0.013515160244399027,0.005116993017679761,68.0,5.0,0.01445140733543856,False,False,False,False,0,0,NORMAL,Normal flight behavior
2026-09-23 10:15:00,B456,14.00871482122396,78.4144457495991,29636,477,35,0.00992039712702919,0.00665503867719508,-64.0,0.0,0.011945870372347569,False,False,False,False,0,0,NORMAL,Normal flight behavior
2026-09-23 10:15:10,B456,14.015539979110148,78.42142793767351,29705,473,35,0.006825157886188649,0.006982188074417195,69.0,-4.0,0.009763899348003173,False,False,False,False,0,0,NORMAL,Normal flight behavior
2026-09-23 10:15:20,B456,14.024763896175651,78.43331933927557,29624,471,35,0.009223917065503073,0.011891401602056817,-81.0,-2.0,0.01504945441179441,False,False,False,False,0,0,NORMAL,Normal flight behavior
2026-09-23 10:15:30,B456,14.032633292047448,78.44261533163895,29683,468,35,0.007869395871797025,0.009295992363377081,59.0,-3.0,0.012179608590058264,False,False,False,False,0,0,NORMAL,Normal flight behavior
2026-09-23 10:15:40,B456,14.04290666086778,78.45104111903908,29760,471,35,0.010273368820332252,0.008425787400128115,77.0,3.0,0.013286685073062151,False,False,False,False,0,0,NORMAL,Normal flight behavior
2026-09-23 10:15:50,B456,14.051384585448108,78.46190801423627,29739,467,35,0.008477924580327922,0.010866895197196413,-21.0,-4.0,0.013782765194857629,False,False,False,False,0,0,NORMAL,Normal flight behavior
2026-09-23 10:16:00,B456,14.063511905158968,78.4709663541903,29646,471,35,0.012127319710860007,0.009058339954023609,-93.0,4.0,0.015136888917213936,False,False,False,False,0,0,NORMAL,Normal flight behavior
2026-09-23 10:16:10,B456,14.078125528742271,78.47670526282393,29679,475,35,0.014613623583302982,0.005738908633631468,33.0,4.0,0.015700097660194312,False,False,False,False,0,0,NORMAL,Normal flight behavior
2026-09-23 10:16:20,B456,14.088795431034193,78.48191509187997,29686,478,35,0.010669902291921218,0.005209829056042281,7.0,3.0,0.011873884524970254,False,False,False,False,0,0,NORMAL,Normal flight behavior
2026-09-23 10:16:30,B456,14.095783953354047,78.48886179203504,29609,473,35,0.006988522319854695,0.006946700155069152,-77.0,-5.0,0.009853734685871396,False,False,False,False,0,0,NORMAL,Normal flight behavior
2026-09-23 10:00:00,C789,12.973312216155836,77.44309508958064,33006,410,89,,,,,0.0,False,False,False,False,0,0,NORMAL,Normal flight behavior
2026-09-23 10:00:10,C789,12.982432015531767,77.45345948285598,32984,411,89,0.009119799375930882,0.010364393275338557,-22.0,1.0,0.013805484005391205,False,False,False,False,0,0,NORMAL,Normal flight behavior
2026-09-23 10:00:20,C789,12.990505383891618,77.46706222625131,33076,414,89,0.008073368359850619,0.013602743395338734,92.0,3.0,0.015818151110457524,False,False,False,False,0,0,NORMAL,Normal flight behavior
2026-09-23 10:00:30,C789,13.003867913479894,77.47636723480318,33017,415,89,0.013362529588276217,0.00930500855186267,-59.0,1.0,0.01628313179790039,False,False,False,False,0,0,NORMAL,Normal flight behavior
2026-09-23 10:00:40,C789,13.012144372646215,77.48994573359688,33030,414,89,0.00827645916632136,0.013578498793705762,13.0,-1.0,0.015902056653856245,False,False,False,False,0,0,NORMAL,Normal flight behavior
2026-09-23 10:00:50,C789,13.02278257432556,77.4990599881338,33091,409,89,0.010638201679345372,0.009114254536910948,61.0,-5.0,0.014008603454093077,False,False,False,False,0,0,NORMAL,Normal flight behavior
2026-09-23 10:01:00,C789,13.029329584841674,77.50645590105432,33168,410,89,0.006547010516113616,0.007395912920529213,77.0,1.0,0.009877392096406482,False,False,False,False,0,0,NORMAL,Normal flight behavior
2026-09-23 10:01:10,C789,13.03618906654018,77.51821238955219,33092,411,89,0.006859481698505476,0.011756488497866258,-76.0,1.0,0.013611300855267038,False,False,False,False,0,0,NORMAL,Normal flight behavior
2026-09-23 10:01:20,C789,13.051166537618522,77.53004561124567,33116,415,89,0.014977471078342575,0.01183322169347889,24.0,4.0,0.01908794843742008,False,False,False,False,0,0,NORMAL,Normal flight behavior
2026-09-23 10:01:30,C789,13.064984972653628,77.54322424773805,33164,415,89,0.01381843503510538,0.013178636492384044,48.0,0.0,0.019095172337997485,False,False,False,False,0,0,NORMAL,Normal flight behavior
2026-09-23 10:01:40,C789,13.07789915508772,77.55218202929466,33087,417,89,0.012914182434093036,0.008957781556603095,-77.0,2.0,0.015716804966559063,False,False,False,False,0,0,NORMAL,Normal flight behavior
2026-09-23 10:01:50,C789,13.0884740535897,77.56681848578349,33156,419,89,0.01057489850197868,0.014636456488830163,69.0,2.0,0.01805697474320019,False,False,False,False,0,0,NORMAL,Normal flight behavior
2026-09-23 10:02:00,C789,13.099905549575611,77.57505564621944,33219,416,89,0.011431495985911866,0.008237160435953683,63.0,-3.0,0.01409006431935496,False,False,False,False,0,0,NORMAL,Normal flight behavior
2026-09-23 10:02:10,C789,13.110434103593226,77.5857549769294,33260,414,89,0.010528554017614766,0.010699330709954324,41.0,-2.0,0.01501086697505523,False,False,False,False,0,0,NORMAL,Normal flight behavior
2026-09-23 10:02:20,C789,13.123665821712931,77.59631378862525,33212,416,89,0.01323171811970525,0.010558811695858594,-48.0,2.0,0.01692828605700933,False,False,False,False,0,0,NORMAL,Normal flight behavior
2026-09-23 10:02:30,C789,13.132717847148951,77.60218894416461,33151,414,89,0.009052025436020017,0.005875155539357024,-61.0,-2.0,0.01079150671157605,False,False,False,False,0,0,NORMAL,Normal flight behavior
2026-09-23 10:02:40,C789,13.138142419301468,77.61516498760919,33125,416,89,0.005424572152517015,0.012976043444581364,-26.0,2.0,0.014064269853551803,False,False,False,False,0,0,NORMAL,Normal flight behavior
2026-09-23 10:02:50,C789,13.152750277823584,77.62119523298418,33120,416,89,0.014607858522115436,0.0060302453749869755,-5.0,0.0,0.015803587880120526,False,False,False,False,0,0,NORMAL,Normal flight behavior
2026-09-23 10:03:00,C789,13.15962306888078,77.63294185332767,33113,417,89,0.0068727910571961814,0.01174662034348728,-7.0,1.0,0.013609494715451599,False,False,False,False,0,0,NORMAL,Normal flight behavior
2026-09-23 10:03:10,C789,13.165794116850623,77.6469192327051,33057,421,89,0.006171047969843357,0.013977379377436705,-56.0,4.0,0.015279036857960017,False,False,False,False,0,0,NORMAL,Normal flight behavior
2026-09-23 10:03:20,C789,13.173107097122424,77.65657998100288,33086,425,89,0.0073129802718003845,0.009660748297775967,29.0,4.0,0.01211650684515644,False,False,False,False,0,0,NORMAL,Normal flight behavior
2026-09-23 10:03:30,C789,13.187059181018322,77.66247776346275,33097,427,89,0.013952083895897971,0.005897782459868495,11.0,2.0,0.015147424962088703,False,False,False,False,0,0,NORMAL,Normal flight behavior
2026-09-23 10:03:40,C789,13.200049690093037,77.67571871760232,33177,431,89,0.012990509074715106,0.013240954139575933,80.0,4.0,0.018549290890667723,False,False,False,False,0,0,NORMAL,Normal flight behavior
2026-09-23 10:03:50,C789,13.210947429061402,77.68358237081051,33093,429,89,0.010897738968365545,0.007863653208190158,-84.0,-2.0,0.013438666466629504,False,False,False,False,0,0,NORMAL,Normal flight behavior
2026-09-23 10:04:00,C789,13.216672354313026,77.69855889665759,33153,431,89,0.005724925251623603,0.014976525847075095,60.0,2.0,0.01603343679891451,False,False,False,False,0,0,NORMAL,Normal flight behavior
2026-09-23 10:04:10,C789,13.228216917700957,77.71152247520034,33126,431,89,0.01154456338793075,0.01296357854275243,-27.0,0.0,0.01735889721301622,False,False,False,False,0,0,NORMAL,Normal flight behavior
2026-09-23 10:04:20,C789,13.240540082966852,77.72348780088565,33202,435,89,0.012323165265895497,0.011965325685309836,76.0,4.0,0.017176420492236107,False,False,False,False,0,0,NORMAL,Normal flight behavior
2026-09-23 10:04:30,C789,13.25540440216379,77.73239023748575,33282,436,89,0.014864319196938425,0.008902436600095598,80.0,1.0,0.017326319938382583,False,False,False,False,0,0,NORMAL,Normal flight behavior
2026-09-23 10:04:40,C789,13.26597024953013,77.74281331253445,33317,436,89,0.010565847366338588,0.01042307504870621,35.0,0.0,0.014841752728021244,False,False,False,False,0,0,NORMAL,Normal flight behavior
2026-09-23 10:04:50,C789,13.271813484201616,77.75096638698989,33374,440,89,0.005843234671486286,0.008153074455435672,57.0,4.0,0.010030753436404322,False,False,False,False,0,0,NORMAL,Normal flight behavior
2026-09-23 10:05:00,C789,13.280501176205687,77.76397251637748,33281,441,89,0.008687692004071934,0.013006129387591159,-93.0,1.0,0.0156408245947705,False,False,False,False,0,0,NORMAL,Normal flight behavior
2026-09-23 10:05:10,C789,13.289840884528395,77.77096734149963,33239,444,89,0.009339708322707807,0.006994825122148995,-42.0,3.0,0.011668664449829046,False,False,False,False,0,0,NORMAL,Normal flight behavior
2026-09-23 10:05:20,C789,13.29860567202434,77.78069513158057,33225,448,89,0.008764787495945114,0.009727790080944487,-14.0,4.0,0.013093945154459668,False,False,False,False,0,0,NORMAL,Normal flight behavior
2026-09-23 10:05:30,C789,13.311822939974784,77.79499529937416,33144,449,89,0.013217267950443201,0.014300167793592777,-81.0,1.0,0.01947282647688109,False,False,False,False,0,0,NORMAL,Normal flight behavior
2026-09-23 10:05:40,C789,13.323800710929406,77.80979700971817,33056,453,89,0.011977770954622713,0.014801710344002572,-88.0,4.0,0.01904094604133829,False,False,False,False,0,0,NORMAL,Normal flight behavior
2026-09-23 10:05:50,C789,13.338387150710028,77.81623913547848,33049,455,89,0.014586439780622129,0.0064421257603157756,-7.0,2.0,0.01594569565072154,False,False,False,False,0,0,NORMAL,Normal flight behavior
2026-09-23 10:06:00,C789,13.344611480385964,77.82556443151009,32954,455,89,0.006224329675935891,0.009325296031605035,-95.0,0.0,0.011211753921300843,False,False,False,False,0,0,NORMAL,Normal flight behavior
2026-09-23 10:06:10,C789,13.3504365983847,77.83197595935316,32939,454,89,0.0058251179987358626,0.00641152784307053,-15.0,-1.0,0.008662545179199076,False,False,False,False,0,0,NORMAL,Normal flight behavior
2026-09-23 10:06:20,C789,13.35743048893216,77.83889713684081,32877,453,89,0.006993890547459358,0.0069211774876549725,-62.0,-1.0,0.009839573304034243,False,False,False,False,0,0,NORMAL,Normal flight behavior
2026-09-23 10:06:30,C789,13.363845427070371,77.85386665406817,32943,448,89,0.006414938138211923,0.014969517227356732,66.0,-5.0,0.01628612530153246,False,False,False,False,0,0,NORMAL,Normal flight behavior
2026-09-23 10:06:40,C789,13.370905255840835,77.86095551551486,32974,447,89,0.007059828770463739,0.0070888614466895206,31.0,-1.0,0.010004655860079776,False,False,False,False,0,0,NORMAL,Normal flight behavior
2026-09-23 10:06:50,C789,13.380496207169312,77.87115183410882,32877,450,89,0.009590951328476649,0.010196318593955311,-97.0,3.0,0.013998259186579123,False,False,False,False,0,0,NORMAL,Normal flight behavior
2026-09-23 10:07:00,C789,13.393817153009778,77.88331886843147,32826,452,89,0.013320945840465725,0.01216703432265831,-51.0,2.0,0.018041184060182038,False,False,False,False,0,0,NORMAL,Normal flight behavior
2026-09-23 10:07:10,C789,13.40367320535811,77.89718862742743,32733,455,89,0.009856052348332867,0.013869758995951997,-93.0,3.0,0.017015051645495206,False,False,False,False,0,0,NORMAL,Normal flight behavior
2026-09-23 10:07:20,C789,13.417511451622545,77.91195300692029,32648,452,89,0.013838246264434417,0.014764379492859803,-85.0,-3.0,0.020235710056341293,False,False,False,False,0,0,NORMAL,Normal flight behavior
2026-09-23 10:07:30,C789,13.425713067772932,77.92231654893313,32684,447,89,0.008201616150387281,0.010363542012839844,36.0,-5.0,0.013216259324415135,False,False,False,False,0,0,NORMAL,Normal flight behavior
2026-09-23 10:07:40,C789,13.437956291238375,77.92977480686396,32755,444,89,0.012243223465443265,0.0074582579308355434,71.0,-3.0,0.014336043114738873,False,False,False,False,0,0,NORMAL,Normal flight behavior
2026-09-23 10:07:50,C789,13.451958905744412,77.94193105836658,32701,439,89,0.014002614506036792,0.01215625150261701,-54.0,-5.0,0.01854312982210798,False,False,False,False,0,0,NORMAL,Normal flight behavior
2026-09-23 10:08:00,C789,13.464022969807653,77.95458692938962,32655,434,89,0.012064064063240565,0.012655871023042664,-46.0,-5.0,0.01748464220605796,False,False,False,False,0,0,NORMAL,Normal flight behavior
2026-09-23 10:08:10,C789,13.473747618156736,77.95988390577199,32605,433,89,0.009724648349083154,0.005296976382368257,-50.0,-1.0,0.011073696054556166,False,False,False,False,0,0,NORMAL,Normal flight behavior
2026-09-23 10:08:20,C789,13.480414739708843,77.96849282639245,32587,1200,89,0.006667121552107247,0.00860892062046048,-18.0,767.0,0.010888710852987264,True,False,False,False,1,25,LOW,unrealistic speed
2026-09-23 10:08:30,C789,13.494319128227676,77.97977435305958,32639,431,89,0.013904388518833244,0.011281526667133335,52.0,-769.0,0.017905442301822713,False,False,False,False,0,0,NORMAL,Normal flight behavior
2026-09-23 10:08:40,C789,13.501255105454524,77.99059263859905,32673,427,89,0.006935977226847356,0.010818285539471617,34.0,-4.0,0.012850800835157545,False,False,False,False,0,0,NORMAL,Normal flight behavior
2026-09-23 10:08:50,C789,13.507059804081122,77.999589655118,32590,423,89,0.005804698626597826,0.00899701651894702,-83.0,-4.0,0.010707045922561099,False,False,False,False,0,0,NORMAL,Normal flight behavior
2026-09-23 10:09:00,C789,13.519488884826616,78.00614648240901,32675,424,89,0.012429080745494758,0.006556827291007039,85.0,1.0,0.01405254540295541,False,False,False,False,0,0,NORMAL,Normal flight behavior
2026-09-23 10:09:10,C789,13.527460053587198,78.01600106442808,32611,426,89,0.007971168760581904,0.009854582019073632,-64.0,2.0,0.012674869552793283,False,False,False,False,0,0,NORMAL,Normal flight behavior
2026-09-23 10:09:20,C789,13.532471005593136,78.02952941762796,32597,424,89,0.005010952005937597,0.013528353199873777,-14.0,-2.0,0.014426572022013584,False,False,False,False,0,0,NORMAL,Normal flight behavior
2026-09-23 10:09:30,C789,13.54327963214558,78.0430916723112,32618,421,89,0.010808626552444522,0.013562254683250785,21.0,-3.0,0.01734246695379774,False,False,False,False,0,0,NORMAL,Normal flight behavior
2026-09-23 10:09:40,C789,13.548975040754147,78.05036825608887,32572,416,89,0.0056954086085667655,0.007276583777667156,-46.0,-5.0,0.009240473510158732,False,False,False,False,0,0,NORMAL,Normal flight behavior
2026-09-23 10:09:50,C789,13.561230732277696,78.05809740773076,32668,412,89,0.012255691523549217,0.007729151641882481,96.0,-4.0,0.014489367129851143,False,False,False,False,0,0,NORMAL,Normal flight behavior
2026-09-23 10:10:00,C789,13.57053401114179,78.06583748341589,32751,411,89,0.009303278864093656,0.007740075685134684,83.0,-1.0,0.012102056405202585,False,False,False,False,0,0,NORMAL,Normal flight behavior
2026-09-23 10:10:10,C789,13.583499464965264,78.07180265635988,32747,416,89,0.012965453823474249,0.005965172943987795,-4.0,5.0,0.014271870273384881,False,False,False,False,0,0,NORMAL,Normal flight behavior
2026-09-23 10:10:20,C789,13.596631946506676,78.07898602094424,32737,415,89,0.013132481541411778,0.0071833645843639715,-10.0,-1.0,0.014968727340272306,False,False,False,False,0,0,NORMAL,Normal flight behavior
2026-09-23 10:10:30,C789,13.605045597589047,78.08486266408214,32706,411,89,0.008413651082371132,0.0058766431378955986,-31.0,-4.0,0.010262770537533241,False,False,False,False,0,0,NORMAL,Normal flight behavior
2026-09-23 10:10:40,C789,13.615311846275128,78.09089035195699,32645,415,89,0.01026624868608117,0.006027687874848198,-61.0,4.0,0.011904994044561943,False,False,False,False,0,0,NORMAL,Normal flight behavior
2026-09-23 10:10:50,C789,13.630011021487054,78.10272748203307,32586,411,89,0.014699175211925208,0.011837130076088442,-59.0,-4.0,0.018872821737861936,False,False,False,False,0,0,NORMAL,Normal flight behavior
2026-09-23 10:11:00,C789,13.643040482335271,78.10963011043711,32615,408,89,0.013029460848217767,0.006902628404034772,29.0,-3.0,0.014744935702790543,False,False,False,False,0,0,NORMAL,Normal flight behavior
2026-09-23 10:11:10,C789,13.651041804010116,78.12062357269039,32713,407,89,0.00800132167484513,0.010993462253281905,98.0,-1.0,0.013596961456835881,False,False,False,False,0,0,NORMAL,Normal flight behavior
2026-09-23 10:11:20,C789,13.657370469670544,78.12588258306744,32699,410,89,0.006328665660428001,0.00525901037704557,-14.0,3.0,0.008228559970453735,False,False,False,False,0,0,NORMAL,Normal flight behavior
2026-09-23 10:11:30,C789,13.66241958157666,78.13428009583662,32799,407,89,0.005049111906116011,0.008397512769178661,100.0,-3.0,0.009798558656710747,False,False,False,False,0,0,NORMAL,Normal flight behavior
2026-09-23 10:11:40,C789,13.670474141241945,78.14632017174793,32729,405,89,0.008054559665284344,0.012040075911315284,-70.0,-2.0,0.014485833056882162,False,False,False,False,0,0,NORMAL,Normal flight behavior
2026-09-23 10:11:50,C789,13.680686897847458,78.15433750503499,32677,402,89,0.010212756605513462,0.008017333287057227,-52.0,-3.0,0.012983760261157577,False,False,False,False,0,0,NORMAL,Normal flight behavior
2026-09-23 10:12:00,C789,13.687529668997662,78.16357965330604,32636,398,89,0.00684277115020393,0.009242148271056294,-41.0,-4.0,0.011499600935608681,False,False,False,False,0,0,NORMAL,Normal flight behavior
2026-09-23 10:12:10,C789,13.69474590759106,78.1741204139878,32649,403,89,0.007216238593397151,0.010540760681749362,13.0,5.0,0.012774260651276369,False,False,False,False,0,0,NORMAL,Normal flight behavior
2026-09-23 10:12:20,C789,13.701742602943346,78.18604761746103,32617,407,89,0.006996695352286864,0.011927203473234727,-32.0,4.0,0.013827940141056986,False,False,False,False,0,0,NORMAL,Normal flight behavior
2026-09-23 10:12:30,C789,13.71028728134554,78.1972920462993,32672,403,89,0.00854467840219364,0.011244428838267595,55.0,-4.0,0.014122631089700617,False,False,False,False,0,0,NORMAL,Normal flight behavior
2026-09-23 10:12:40,C789,13.722092579505413,78.20781327858721,32681,402,89,0.011805298159872635,0.010521232287914017,9.0,-1.0,0.015813329614592135,False,False,False,False,0,0,NORMAL,Normal flight behavior
2026-09-23 10:12:50,C789,13.732888033857863,78.21721100969172,32675,399,89,0.010795454352450662,0.009397731104513696,-6.0,-3.0,0.0143129027310532,False,False,False,False,0,0,NORMAL,Normal flight behavior
2026-09-23 10:13:00,C789,13.747287145166878,78.23002888209858,32755,404,89,0.0143991113090145,0.012817872406856168,80.0,5.0,0.019277765937157604,False,False,False,False,0,0,NORMAL,Normal flight behavior
2026-09-23 10:13:10,C789,13.761145620645689,78.24282973341704,32731,402,89,0.013858475478810917,0.01280085131845965,-24.0,-2.0,0.018865819279164996,False,False,False,False,0,0,NORMAL,Normal flight behavior
2026-09-23 10:13:20,C789,13.77181218853588,78.24961085095308,32643,404,89,0.010666567890192269,0.006781117536036163,-88.0,2.0,0.012639589613338635,False,False,False,False,0,0,NORMAL,Normal flight behavior
2026-09-23 10:13:30,C789,13.785759804384291,78.25632404384457,32705,399,89,0.013947615848410422,0.006713192891496078,62.0,-5.0,0.01547911323859552,False,False,False,False,0,0,NORMAL,Normal flight behavior
2026-09-23 10:13:40,C789,13.798501900994614,78.26616423871812,32731,400,89,0.012742096610322662,0.009840194873547148,26.0,1.0,0.01609939319279394,False,False,False,False,0,0,NORMAL,Normal flight behavior
2026-09-23 10:13:50,C789,13.804388412745672,78.2782969134261,32784,405,89,0.00588651175105781,0.012132674707984847,53.0,5.0,0.013485281464067292,False,False,False,False,0,0,NORMAL,Normal flight behavior
2026-09-23 10:14:00,C789,13.815255796869987,78.28589687592073,32788,409,89,0.010867384124315649,0.007599962494623469,4.0,4.0,0.013261201590546431,False,False,False,False,0,0,NORMAL,Normal flight behavior
2026-09-23 10:14:10,C789,13.82418180264449,78.29433223104732,32844,405,89,0.00892600577450331,0.008435355126593436,56.0,-4.0,0.01228123752714736,False,False,False,False,0,0,NORMAL,Normal flight behavior
2026-09-23 10:14:20,C789,13.834394160729303,78.30394238485431,32774,408,89,0.010212358084812578,0.00961015380698882,-70.0,3.0,0.014023099295320508,False,False,False,False,0,0,NORMAL,Normal flight behavior
2026-09-23 10:14:30,C789,13.841252512737684,78.31835129383029,32764,411,89,0.006858352008380919,0.014408908975980239,-10.0,3.0,0.015957871103281493,False,False,False,False,0,0,NORMAL,Normal flight behavior
2026-09-23 10:14:40,C789,13.85437729377175,78.3300988887082,32680,415,89,0.013124781034065336,0.011747594877917322,-84.0,4.0,0.01761436523431459,False,False,False,False,0,0,NORMAL,Normal flight behavior
2026-09-23 10:14:50,C789,13.860023391596876,78.34437905717115,32621,420,89,0.005646097825126262,0.014280168462946108,-59.0,5.0,0.015355833809370827,False,False,False,False,0,0,NORMAL,Normal flight behavior
2026-09-23 10:15:00,C789,13.867680521907424,78.3586224376778,32604,424,89,0.007657130310548155,0.014243380506641756,-17.0,4.0,0.01617113270150541,False,False,False,False,0,0,NORMAL,Normal flight behavior
2026-09-23 10:15:10,C789,13.874882775438788,78.3674404499744,32598,423,89,0.007202253531364278,0.008818012296600841,-6.0,-1.0,0.011385508192129714,False,False,False,False,0,0,NORMAL,Normal flight behavior
2026-09-23 10:15:20,C789,13.885058656350886,78.38172137513317,32657,422,89,0.010175880912097313,0.014280925158772106,59.0,-1.0,0.017535489035884814,False,False,False,False,0,0,NORMAL,Normal flight behavior
2026-09-23 10:15:30,C789,13.899740002814852,78.38813874180448,32716,419,89,0.01468134646396635,0.006417366671314539,59.0,-3.0,0.016022625533573327,False,False,False,False,0,0,NORMAL,Normal flight behavior
2026-09-23 10:15:40,C789,13.90609014358135,78.40086662740069,32815,416,89,0.006350140766498313,0.012727885596206079,99.0,-3.0,0.014224041602317323,False,False,False,False,0,0,NORMAL,Normal flight behavior
2026-09-23 10:15:50,C789,13.919447185206833,78.41485789179852,32865,411,89,0.01335704162548268,0.013991264397830605,50.0,-5.0,0.01934337200270106,False,False,False,False,0,0,NORMAL,Normal flight behavior
2026-09-23 10:16:00,C789,13.925329956679048,78.42081692579765,32772,407,89,0.005882771472215609,0.005959033999133112,-93.0,-4.0,0.00837359459235627,False,False,False,False,0,0,NORMAL,Normal flight behavior
2026-09-23 10:16:10,C789,13.937352623006456,78.43370806923807,32826,407,89,0.01202266632740745,0.012891143440413089,54.0,0.0,0.01762742422537911,False,False,False,False,0,0,NORMAL,Normal flight behavior
2026-09-23 10:16:20,C789,13.94374845948208,78.4402793037691,32924,405,89,0.00639583647562425,0.006571234531037362,98.0,-2.0,0.009169942610770443,False,False,False,False,0,0,NORMAL,Normal flight behavior
2026-09-23 10:16:30,C789,13.950642392678589,78.44910031539435,32912,402,89,0.006893933196508328,0.008821011625244068,-12.0,-3.0,0.011195381235608304,False,False,False,False,0,0,NORMAL,Normal flight behavior
2026-09-23 10:00:00,D321,13.006449941031178,77.58505307903762,28517,482,163,,,,,0.0,False,False,False,False,0,0,NORMAL,Normal flight behavior
2026-09-23 10:00:10,D321,13.0189717252514,77.59946831781798,28459,480,163,0.012521784220222543,0.014415238780358663,-58.0,-2.0,0.019094349665609734,False,False,False,False,0,0,NORMAL,Normal flight behavior
2026-09-23 10:00:20,D321,13.03311957076742,77.6054346776951,28495,483,163,0.01414784551601933,0.005966359877120908,36.0,3.0,0.015354445054396024,False,False,False,False,0,0,NORMAL,Normal flight behavior
2026-09-23 10:00:30,D321,13.04172763661138,77.61806328337022,28415,479,163,0.008608065843960233,0.012628605675118365,-80.0,-4.0,0.015283339912191529,False,False,False,False,0,0,NORMAL,Normal flight behavior
2026-09-23 10:00:40,D321,13.05483606162303,77.6324044153832,28317,483,163,0.013108425011649771,0.014341132012987146,-98.0,4.0,0.01942933024321657,False,False,False,False,0,0,NORMAL,Normal flight behavior
2026-09-23 10:00:50,D321,13.065893285455594,77.64081057308628,28350,478,163,0.011057223832564134,0.008406157703078065,33.0,-5.0,0.013889769120199335,False,False,False,False,0,0,NORMAL,Normal flight behavior
2026-09-23 10:01:00,D321,13.071744378985295,77.65432754653877,28255,473,163,0.005851093529701146,0.013516973452482262,-95.0,-5.0,0.014729014454756328,False,False,False,False,0,0,NORMAL,Normal flight behavior
2026-09-23 10:01:10,D321,13.083524428628534,77.66862916358807,28157,469,163,0.011780049643238755,0.014301617049298443,-98.0,-4.0,0.018528513697054962,False,False,False,False,0,0,NORMAL,Normal flight behavior
2026-09-23 10:01:20,D321,13.08864015707656,77.67958974840192,28104,472,163,0.005115728448025436,0.010960584813858532,-53.0,3.0,0.012095664389181894,False,False,False,False,0,0,NORMAL,Normal flight behavior
2026-09-23 10:01:30,D321,13.095405463397393,77.68685653172005,28101,475,163,0.006765306320833275,0.00726678331812991,-3.0,3.0,0.009928520000853995,False,False,False,False,0,0,NORMAL,Normal flight behavior
2026-09-23 10:01:40,D321,13.1080267855689,77.70158995828388,28065,480,163,0.012621322171506577,0.01473342656382215,-36.0,5.0,0.019400299782954482,False,False,False,False,0,0,NORMAL,Normal flight behavior
2026-09-23 10:01:50,D321,13.122988649675325,77.70880807059456,28065,479,163,0.014961864106425082,0.00721811231068159,0.0,-1.0,0.01661199936397616,False,False,False,False,0,0,NORMAL,Normal flight behavior
2026-09-23 10:02:00,D321,13.134498084412083,77.71989572529564,27977,482,163,0.011509434736758806,0.01108765470108608,-88.0,3.0,0.01598133832725615,False,False,False,False,0,0,NORMAL,Normal flight behavior
2026-09-23 10:02:10,D321,13.14866912460884,77.73156401936288,28043,487,163,0.01417104019675719,0.011668294067234797,66.0,5.0,0.018356673628344946,False,False,False,False,0,0,NORMAL,Normal flight behavior
2026-09-23 10:02:20,D321,13.161299948314658,77.74049464193617,28129,486,163,0.012630823705817917,0.00893062257328836,86.0,-1.0,0.01546912172794498,False,False,False,False,0,0,NORMAL,Normal flight behavior
2026-09-23 10:02:30,D321,13.173778602677668,77.75428644359465,28067,486,163,0.012478654363009767,0.013791801658484815,-62.0,0.0,0.018599209867584354,False,False,False,False,0,0,NORMAL,Normal flight behavior
2026-09-23 10:02:40,D321,13.187555760699407,77.76051978250406,28002,487,163,0.013777158021738956,0.006233338909410691,-65.0,1.0,0.015121659866414776,False,False,False,False,0,0,NORMAL,Normal flight behavior
2026-09-23 10:02:50,D321,13.199131834430968,77.7723208506934,28004,491,163,0.01157607373156111,0.011801068189342345,2.0,4.0,0.016530901168661283,False,False,False,False,0,0,NORMAL,Normal flight behavior
2026-09-23 10:03:00,D321,13.209502101089893,77.77830709065887,28065,496,163,0.010370266658924265,0.005986239965466211,61.0,5.0,0.011974034387011804,False,False,False,False,0,0,NORMAL,Normal flight behavior
2026-09-23 10:03:10,D321,13.221542408061644,77.78449297513555,28084,501,163,0.012040306971751846,0.006185884476678893,19.0,5.0,0.01353640124748203,False,False,False,False,0,0,NORMAL,Normal flight behavior
2026-09-23 10:03:20,D321,13.229612697542905,77.7936657954123,28136,500,163,0.008070289481260318,0.009172820276745597,52.0,-1.0,0.01221761859532438,False,False,False,False,0,0,NORMAL,Normal flight behavior
2026-09-23 10:03:30,D321,13.236005668412648,77.8033476656383,28069,500,163,0.006392970869743664,0.009681870226003753,-67.0,0.0,0.011602098414277005,False,False,False,False,0,0,NORMAL,Normal flight behavior
2026-09-23 10:03:40,D321,13.25092410861476,77.80902396305416,28140,496,163,0.014918440202110972,0.0056762974158601764,71.0,-4.0,0.015961836060342863,False,False,False,False,0,0,NORMAL,Normal flight behavior
2026-09-23 10:03:50,D321,13.263794228853632,77.82070362880928,28169,495,163,0.012870120238872573,0.011679665755124802,29.0,-1.0,0.017379717693750737,False,False,False,False,0,0,NORMAL,Normal flight behavior
2026-09-23 10:04:00,D321,13.273185274427004,77.82764637542574,28197,498,163,0.00939104557337167,0.006942746616459772,28.0,3.0,0.011678761387300764,False,False,False,False,0,0,NORMAL,Normal flight behavior
2026-09-23 10:04:10,D321,13.278581381539125,77.83940478340246,28274,498,163,0.005396107112121129,0.011758407976714125,77.0,0.0,0.012937470004306815,False,False,False,False,0,0,NORMAL,Normal flight behavior
2026-09-23 10:04:20,D321,13.285843025145278,77.84951118680415,28352,500,163,0.007261643606153001,0.010106403401692887,78.0,2.0,0.012444712032848824,False,False,False,False,0,0,NORMAL,Normal flight behavior
2026-09-23 10:04:30,D321,13.296425881809556,77.86218711880358,28441,497,163,0.010582856664278495,0.01267593199942496,89.0,-3.0,0.01651290729189471,False,False,False,False,0,0,NORMAL,Normal flight behavior
2026-09-23 10:04:40,D321,13.302042685116565,77.86885340481767,28427,496,163,0.005616803307008311,0.006666286014095135,-14.0,-1.0,0.008717100929284913,False,False,False,False,0,0,NORMAL,Normal flight behavior
2026-09-23 10:04:50,D321,13.314682444912192,77.87665929341124,28413,494,163,0.01263975979562737,0.007805888593566124,-14.0,-2.0,0.014855821230289619,False,False,False,False,0,0,NORMAL,Normal flight behavior
2026-09-23 10:05:00,D321,13.32072862326332,77.88458066041845,28478,492,163,0.006046178351128972,0.007921367007213576,65.0,-2.0,0.009965155689533024,False,False,False,False,0,0,NORMAL,Normal flight behavior
2026-09-23 10:05:10,D321,13.327812765216212,77.89342546622666,28435,495,163,0.007084141952891088,0.008844805808209344,-43.0,3.0,0.011332063227570048,False,False,False,False,0,0,NORMAL,Normal flight behavior
2026-09-23 10:05:20,D321,13.336248215227458,77.89985367132924,28500,491,163,0.00843545001124646,0.006428205102579909,65.0,-4.0,0.010605594643067982,False,False,False,False,0,0,NORMAL,Normal flight behavior
2026-09-23 10:05:30,D321,13.344576655478193,77.91016893940687,28452,492,163,0.008328440250734204,0.010315268077633277,-48.0,1.0,0.01325774009865519,False,False,False,False,0,0,NORMAL,Normal flight behavior
2026-09-23 10:05:40,D321,13.355671567141682,77.92421138919616,28431,497,163,0.011094911663489526,0.014042449789286593,-21.0,5.0,0.01789657679293085,False,False,False,False,0,0,NORMAL,Normal flight behavior
2026-09-23 10:05:50,D321,13.361448407735349,77.93634197556977,28455,496,163,0.005776840593666677,0.012130586373615415,24.0,-1.0,0.013435885270884802,False,False,False,False,0,0,NORMAL,Normal flight behavior
2026-09-23 10:06:00,D321,13.373552367838062,77.94926619385856,28469,494,163,0.012103960102713529,0.01292421828878787,14.0,-2.0,0.017707096558846676,False,False,False,False,0,0,NORMAL,Normal flight behavior
2026-09-23 10:06:10,D321,13.380921548170193,77.96199428777715,28438,499,163,0.0073691803321302984,0.012728093918582317,-31.0,5.0,0.01470745367382499,False,False,False,False,0,0,NORMAL,Normal flight behavior
2026-09-23 10:06:20,D321,13.38859515022931,77.96759808490299,28433,499,163,0.007673602059117712,0.005603797125843357,-5.0,0.0,0.009501931950361772,False,False,False,False,0,0,NORMAL,Normal flight behavior
2026-09-23 10:06:30,D321,13.393857193946154,77.97305159085133,28475,500,163,0.0052620437168435785,0.0054535059483384885,42.0,1.0,0.007578247238414451,False,False,False,False,0,0,NORMAL,Normal flight behavior
2026-09-23 10:06:40,D321,13.403852504401442,77.98532535957479,28531,502,163,0.00999531045528812,0.012273768723460421,56.0,2.0,0.01582882275390647,False,False,False,False,0,0,NORMAL,Normal flight behavior
2026-09-23 10:06:50,D321,13.414668967896992,77.99777122928074,28561,502,163,0.010816463495549655,0.012445869705956625,30.0,0.0,0.016489255753011023,False,False,False,False,0,0,NORMAL,Normal flight behavior
2026-09-23 10:07:00,D321,13.428111812077054,78.00439246189967,28643,502,163,0.013442844180062252,0.0066212326189258874,82.0,0.0,0.014985018553320571,False,False,False,False,0,0,NORMAL,Normal flight behavior
2026-09-23 10:07:10,D321,13.436295285945926,78.01669568965943,28720,506,163,0.008183473868871971,0.012303227759758784,77.0,4.0,0.014776287012338706,False,False,False,False,0,0,NORMAL,Normal flight behavior
2026-09-23 10:07:20,D321,13.446332012138612,78.03045927484347,28769,504,163,0.010036726192685919,0.013763585184037197,49.0,-2.0,0.017034440107769784,False,False,False,False,0,0,NORMAL,Normal flight behavior
2026-09-23 10:07:30,D321,13.45966191411342,78.04101492986828,28793,501,163,0.013329901974808323,0.010555655024816701,24.0,-3.0,0.017003180280786793,False,False,False,False,0,0,NORMAL,Normal flight behavior
2026-09-23 10:07:40,D321,13.470173525657614,78.0544238105666,28696,505,163,0.01051161154419411,0.013408880698321468,-97.0,4.0,0.017037959350751277,False,False,False,False,0,0,NORMAL,Normal flight behavior
2026-09-23 10:07:50,D321,13.485069355517838,78.06858355061749,28764,502,163,0.014895829860224197,0.014159740050885716,68.0,-3.0,0.02055198252075463,False,False,False,False,0,0,NORMAL,Normal flight behavior
2026-09-23 10:08:00,D321,13.495637997415184,78.08107233500803,28738,503,163,0.010568641897345188,0.012488784390541241,-26.0,1.0,0.01636049898712587,False,False,False,False,0,0,NORMAL,Normal flight behavior
2026-09-23 10:08:10,D321,13.503041438704576,78.09276637852638,28768,505,163,0.007403441289392632,0.011694043518346575,30.0,2.0,0.013840577904642102,False,False,False,False,0,0,NORMAL,Normal flight behavior
2026-09-23 10:08:20,D321,13.508384873072533,78.10059413154225,60000,508,163,0.00534343436795659,0.00782775301587435,31232.0,3.0,0.009477658367032947,False,True,False,True,2,50,MEDIUM,abnormal altitude + large altitude change
2026-09-23 10:08:30,D321,13.517019007056817,78.1113525156382,28658,504,163,0.00863413398428392,0.010758384095950646,-31342.0,-4.0,0.013794603945549518,False,False,False,True,1,25,LOW,large altitude change
2026-09-23 10:08:40,D321,13.525503063560462,78.1174057395063,28756,503,163,0.008484056503645476,0.0060532238680934825,98.0,-1.0,0.01042212713193932,False,False,False,False,0,0,NORMAL,Normal flight behavior
2026-09-23 10:08:50,D321,13.533415271620887,78.12633072446326,28814,499,163,0.00791220806042503,0.00892498495696259,58.0,-4.0,0.011927212284245776,False,False,False,False,0,0,NORMAL,Normal flight behavior
2026-09-23 10:09:00,D321,13.541060240174248,78.14091139216238,28906,501,163,0.007644968553361053,0.014580667699121364,92.0,2.0,0.016463335468066016,False,False,False,False,0,0,NORMAL,Normal flight behavior
2026-09-23 10:09:10,D321,13.549273835996036,78.1502734641804,28836,500,163,0.008213595821787933,0.009362072018021195,-70.0,-1.0,0.012454378699650482,False,False,False,False,0,0,NORMAL,Normal flight behavior
2026-09-23 10:09:20,D321,13.561943795993368,78.15850549468293,28747,500,163,0.012669959997332114,0.0082320305025263,-89.0,0.0,0.015109408080018203,False,False,False,False,0,0,NORMAL,Normal flight behavior
2026-09-23 10:09:30,D321,13.573930410478567,78.16957755530495,28796,496,163,0.011986614485198999,0.011072060622026925,49.0,-4.0,0.01631776495830914,False,False,False,False,0,0,NORMAL,Normal flight behavior
2026-09-23 10:09:40,D321,13.580417666414332,78.17928193469291,28791,500,163,0.006487255935764935,0.009704379387954987,-5.0,4.0,0.011673023125201241,False,False,False,False,0,0,NORMAL,Normal flight behavior
2026-09-23 10:09:50,D321,13.594758175843538,78.18544044381082,28830,501,163,0.014340509429205284,0.006158509117909716,39.0,1.0,0.015606967842745841,False,False,False,False,0,0,NORMAL,Normal flight behavior
2026-09-23 10:10:00,D321,13.608731449327694,78.19173140214282,28904,506,163,0.013973273484156223,0.006290958332002106,74.0,5.0,0.015324115915706527,False,False,False,False,0,0,NORMAL,Normal flight behavior
2026-09-23 10:10:10,D321,13.621319431596492,78.20139408064732,28827,502,163,0.01258798226879776,0.009662678504497535,-77.0,-4.0,0.01586898400909288,False,False,False,False,0,0,NORMAL,Normal flight behavior
2026-09-23 10:10:20,D321,13.629196152302224,78.2102771685171,28829,504,163,0.007876720705732865,0.008883087869776318,2.0,2.0,0.01187231987348252,False,False,False,False,0,0,NORMAL,Normal flight behavior
2026-09-23 10:10:30,D321,13.639141310954702,78.22049695058762,28888,509,163,0.009945158652477915,0.010219782070521433,59.0,5.0,0.01426008857587875,False,False,False,False,0,0,NORMAL,Normal flight behavior
2026-09-23 10:10:40,D321,13.647046190951643,78.22817995153467,28811,509,163,0.007904879996941006,0.007683000947054097,-77.0,0.0,0.011023412870725299,False,False,False,False,0,0,NORMAL,Normal flight behavior
2026-09-23 10:10:50,D321,13.6582587007419,78.24025537334316,28890,508,163,0.011212509790256675,0.01207542180848975,79.0,-1.0,0.016478355125726343,False,False,False,False,0,0,NORMAL,Normal flight behavior
2026-09-23 10:11:00,D321,13.667788066918613,78.25292707947449,28977,504,163,0.009529366176712628,0.01267170613132862,87.0,-4.0,0.015854997824302153,False,False,False,False,0,0,NORMAL,Normal flight behavior
2026-09-23 10:11:10,D321,13.676651963699172,78.26139284545155,28897,506,163,0.008863896780558989,0.008465765977064166,-80.0,2.0,0.012257155449565824,False,False,False,False,0,0,NORMAL,Normal flight behavior
2026-09-23 10:11:20,D321,13.68834494280504,78.27357682257822,28919,509,163,0.011692979105868417,0.012183977126667855,22.0,3.0,0.016887127020113305,False,False,False,False,0,0,NORMAL,Normal flight behavior
2026-09-23 10:11:30,D321,13.700918147890622,78.27947213704229,29014,511,163,0.012573205085582018,0.005895314464069656,95.0,2.0,0.013886692145877448,False,False,False,False,0,0,NORMAL,Normal flight behavior
2026-09-23 10:11:40,D321,13.708130296896377,78.29148654835421,29102,512,163,0.007212149005754398,0.012014411311923823,88.0,1.0,0.01401289307934972,False,False,False,False,0,0,NORMAL,Normal flight behavior
2026-09-23 10:11:50,D321,13.718807930480173,78.30647485928222,29140,515,163,0.010677633583796364,0.014988310928004012,38.0,3.0,0.018402753147948828,False,False,False,False,0,0,NORMAL,Normal flight behavior
2026-09-23 10:12:00,D321,13.729002341723248,78.31756599629635,29185,516,163,0.010194411243075407,0.011091137014133778,45.0,1.0,0.01506450599453001,False,False,False,False,0,0,NORMAL,Normal flight behavior
2026-09-23 10:12:10,D321,13.740604250830575,78.3275591284365,29148,513,163,0.011601909107326946,0.009993132140152738,-37.0,-3.0,0.015312314812112164,False,False,False,False,0,0,NORMAL,Normal flight behavior
2026-09-23 10:12:20,D321,13.75551034263762,78.33262417151927,29166,517,163,0.014906091807045385,0.0050650430827658965,18.0,4.0,0.015743132928052798,False,False,False,False,0,0,NORMAL,Normal flight behavior
2026-09-23 10:12:30,D321,13.769230782951691,78.34103481994627,29201,513,163,0.013720440314070714,0.008410648427002343,35.0,-4.0,0.01609315038687621,False,False,False,False,0,0,NORMAL,Normal flight behavior
2026-09-23 10:12:40,D321,13.776537506031104,78.35360656418956,29185,513,163,0.007306723079413047,0.012571744243288663,-16.0,0.0,0.014540871895381271,False,False,False,False,0,0,NORMAL,Normal flight behavior
2026-09-23 10:12:50,D321,13.789796815443625,78.36728911866933,29208,512,163,0.013259309412520182,0.013682554479771625,23.0,-1.0,0.019053125286652185,False,False,False,False,0,0,NORMAL,Normal flight behavior
2026-09-23 10:13:00,D321,13.801801549456368,78.3809354953619,29225,513,163,0.012004734012743157,0.013646376692562967,17.0,1.0,0.018175181857468116,False,False,False,False,0,0,NORMAL,Normal flight behavior
2026-09-23 10:13:10,D321,13.80776303177696,78.38777344659921,29299,514,163,0.005961482320591571,0.006837951237315565,74.0,1.0,0.009071761051892368,False,False,False,False,0,0,NORMAL,Normal flight behavior
2026-09-23 10:13:20,D321,13.821749306917948,78.39585624355603,29245,510,163,0.013986275140988269,0.008082796956813354,-54.0,-4.0,0.01615386947342641,False,False,False,False,0,0,NORMAL,Normal flight behavior
2026-09-23 10:13:30,D321,13.827554111290342,78.41084638444973,29172,507,163,0.005804804372393946,0.01499014089370121,-73.0,-3.0,0.016074827458320576,False,False,False,False,0,0,NORMAL,Normal flight behavior
2026-09-23 10:13:40,D321,13.833365125309518,78.41791210212732,29257,503,163,0.005811014019176497,0.00706571767759101,85.0,-4.0,0.009148346857792826,False,False,False,False,0,0,NORMAL,Normal flight behavior
2026-09-23 10:13:50,D321,13.846596148955774,78.43265895812915,29348,498,163,0.013231023646255835,0.01474685600183534,91.0,-5.0,0.019812363530549507,False,False,False,False,0,0,NORMAL,Normal flight behavior
2026-09-23 10:14:00,D321,13.858769904933444,78.44137754809488,29309,503,163,0.012173755977670453,0.008718589965724277,-39.0,5.0,0.01497378194025461,False,False,False,False,0,0,NORMAL,Normal flight behavior
2026-09-23 10:14:10,D321,13.87223781487944,78.44982795047414,29280,505,163,0.013467909945996226,0.00845040237926753,-29.0,2.0,0.015899493661277218,False,False,False,False,0,0,NORMAL,Normal flight behavior
2026-09-23 10:14:20,D321,13.884077458132076,78.46057236651221,29197,509,163,0.011839643252635312,0.010744416038065197,-83.0,4.0,0.015988108967251426,False,False,False,False,0,0,NORMAL,Normal flight behavior
2026-09-23 10:14:30,D321,13.891748368799751,78.47520470227484,29279,506,163,0.007670910667675557,0.014632335762627235,82.0,-3.0,0.016521141617385847,False,False,False,False,0,0,NORMAL,Normal flight behavior
2026-09-23 10:14:40,D321,13.900105498141771,78.4845361537935,29359,504,163,0.008357129342019931,0.009331451518661993,80.0,-2.0,0.012526675468151545,False,False,False,False,0,0,NORMAL,Normal flight behavior
2026-09-23 10:14:50,D321,13.91023006242249,78.49814819820692,29261,509,163,0.010124564280719284,0.013612044413420676,-98.0,5.0,0.016964508686883737,False,False,False,False,0,0,NORMAL,Normal flight behavior
2026-09-23 10:15:00,D321,13.92188922175717,78.50552958193666,29167,511,163,0.011659159334678648,0.007381383729736513,-94.0,2.0,0.013799305133123304,False,False,False,False,0,0,NORMAL,Normal flight behavior
2026-09-23 10:15:10,D321,13.93511427142461,78.51250402514417,29125,516,163,0.013225049667440203,0.006974443207511172,-42.0,5.0,0.014951414540472715,False,False,False,False,0,0,NORMAL,Normal flight behavior
2026-09-23 10:15:20,D321,13.948692292014842,78.52505150152462,29159,514,163,0.013578020590232498,0.01254747638044762,34.0,-2.0,0.018487882698315364,False,False,False,False,0,0,NORMAL,Normal flight behavior
2026-09-23 10:15:30,D321,13.957923824330637,78.5318628168496,29165,509,163,0.009231532315794766,0.0068113153249811376,6.0,-5.0,0.011472367033611066,False,False,False,False,0,0,NORMAL,Normal flight behavior
2026-09-23 10:15:40,D321,13.967926356006048,78.54355047222812,29222,505,163,0.01000253167541132,0.011687655378523232,57.0,-4.0,0.01538349531688848,False,False,False,False,0,0,NORMAL,Normal flight behavior
2026-09-23 10:15:50,D321,13.975419551984643,78.55232272746028,29318,509,163,0.007493195978595324,0.00877225523215941,96.0,4.0,0.011536916738530502,False,False,False,False,0,0,NORMAL,Normal flight behavior
2026-09-23 10:16:00,D321,13.98640232908053,78.56334502623773,29291,507,163,0.010982777095886576,0.011022298777447759,-27.0,-2.0,0.01555996346644995,False,False,False,False,0,0,NORMAL,Normal flight behavior
2026-09-23 10:16:10,D321,13.99927903800585,78.57293830190112,29216,505,163,0.012876708925320557,0.00959327566339141,-75.0,-2.0,0.01605741481999042,False,False,False,False,0,0,NORMAL,Normal flight behavior
2026-09-23 10:16:20,D321,14.014196908352748,78.58126525979041,29175,509,163,0.014917870346897288,0.008326957889295272,-41.0,4.0,0.017084527601807845,False,False,False,False,0,0,NORMAL,Normal flight behavior
2026-09-23 10:16:30,D321,14.021757577370035,78.58937621020775,29116,509,163,0.00756066901728758,0.008110950417332674,-59.0,0.0,0.011088337687020604,False,False,False,False,0,0,NORMAL,Normal flight behavior
2026-09-23 10:00:00,E654,13.151392314200196,77.77195797221587,34122,420,190,,,,,0.0,False,False,False,False,0,0,NORMAL,Normal flight behavior
2026-09-23 10:00:10,E654,13.15934526141474,77.78495565653033,34116,425,190,0.007952947214544537,0.012997684314456137,-6.0,5.0,0.015237754655315553,False,False,False,False,0,0,NORMAL,Normal flight behavior
2026-09-23 10:00:20,E654,13.166481473046366,77.79150881489498,34077,424,190,0.0071362116316251445,0.0065531583646532,-39.0,-1.0,0.00968862224485846,False,False,False,False,0,0,NORMAL,Normal flight behavior
2026-09-23 10:00:30,E654,13.176441079624873,77.79713799747233,34087,427,190,0.009959606578506808,0.005629182577351344,10.0,3.0,0.011440343512665692,False,False,False,False,0,0,NORMAL,Normal flight behavior
2026-09-23 10:00:40,E654,13.190205446118824,77.80824640116599,34019,432,190,0.01376436649395174,0.011108403693654623,-68.0,5.0,0.01768769113256507,False,False,False,False,0,0,NORMAL,Normal flight behavior
2026-09-23 10:00:50,E654,13.20369015278185,77.81998668673633,34084,433,190,0.013484706663025037,0.011740285570340347,65.0,1.0,0.017879362937783146,False,False,False,False,0,0,NORMAL,Normal flight behavior
2026-09-23 10:01:00,E654,13.21124606093291,77.8347727978472,34019,437,190,0.007555908151060109,0.014786111110865363,-65.0,4.0,0.01660484356355436,False,False,False,False,0,0,NORMAL,Normal flight behavior
2026-09-23 10:01:10,E654,13.219141458575285,77.84039606782763,33971,434,190,0.007895397642375457,0.00562326998043261,-48.0,-3.0,0.00969321769094569,False,False,False,False,0,0,NORMAL,Normal flight behavior
2026-09-23 10:01:20,E654,13.225550927272748,77.84732451776256,33963,431,190,0.006409468697462728,0.006928449934932246,-8.0,-3.0,0.009438469552031049,False,False,False,False,0,0,NORMAL,Normal flight behavior
2026-09-23 10:01:30,E654,13.23482679302123,77.85593454127967,33964,432,190,0.00927586574848327,0.008610023517107379,1.0,1.0,0.012655994245772522,False,False,False,False,0,0,NORMAL,Normal flight behavior
2026-09-23 10:01:40,E654,13.248049140447032,77.86456430492129,34028,432,190,0.013222347425800862,0.008629763641621935,64.0,0.0,0.015789341086911848,False,False,False,False,0,0,NORMAL,Normal flight behavior
2026-09-23 10:01:50,E654,13.25593147283175,77.8744791247865,33978,432,190,0.007882332384717472,0.009914819865215918,-50.0,0.0,0.012666286621691695,False,False,False,False,0,0,NORMAL,Normal flight behavior
2026-09-23 10:02:00,E654,13.26853865501522,77.88327946817442,33973,434,190,0.01260718218347101,0.00880034338791802,-5.0,2.0,0.015374884921601894,False,False,False,False,0,0,NORMAL,Normal flight behavior
2026-09-23 10:02:10,E654,13.275121840833153,77.89127199305375,33912,439,190,0.006583185817932602,0.007992524879327334,-61.0,5.0,0.010354650619895166,False,False,False,False,0,0,NORMAL,Normal flight behavior
2026-09-23 10:02:20,E654,13.284810104176154,77.90045938717768,33907,440,190,0.009688263343001324,0.009187394123927106,-5.0,1.0,0.013351803525805549,False,False,False,False,0,0,NORMAL,Normal flight behavior
2026-09-23 10:02:30,E654,13.298089577602036,77.90713681168805,33850,438,190,0.013279473425882315,0.006677424510371566,-57.0,-2.0,0.014863795361899515,False,False,False,False,0,0,NORMAL,Normal flight behavior
2026-09-23 10:02:40,E654,13.312803727945424,77.9201569416733,33898,437,190,0.014714150343387189,0.01302012998525015,48.0,-1.0,0.01964764630078146,False,False,False,False,0,0,NORMAL,Normal flight behavior
2026-09-23 10:02:50,E654,13.319259611525975,77.93421174594137,33962,437,190,0.006455883580551713,0.014054804268070598,64.0,0.0,0.015466607767038404,False,False,False,False,0,0,NORMAL,Normal flight behavior
2026-09-23 10:03:00,E654,13.33199866061718,77.94637756551685,33869,440,190,0.012739049091203825,0.012165819575486125,-93.0,3.0,0.01761506564538953,False,False,False,False,0,0,NORMAL,Normal flight behavior
2026-09-23 10:03:10,E654,13.338440263109783,77.96067948766418,33898,437,190,0.006441602492603948,0.014301922147325286,29.0,-3.0,0.015685637372477884,False,False,False,False,0,0,NORMAL,Normal flight behavior
2026-09-23 10:03:20,E654,40.7128,-74.006,33987,437,190,27.37435973689022,-151.96667948766418,89.0,0.0,154.41252295559167,False,False,True,False,1,25,LOW,sudden position change
2026-09-23 10:03:30,E654,13.3549327505118,77.98626604445793,34056,437,190,-27.3578672494882,151.99226604445795,69.0,0.0,154.43478182640692,False,False,True,False,1,25,LOW,sudden position change
2026-09-23 10:03:40,E654,13.365942800191709,77.9959841717608,33985,439,190,0.011010049679908818,0.009718127302861035,-71.0,2.0,0.014685475553371546,False,False,False,False,0,0,NORMAL,Normal flight behavior
2026-09-23 10:03:50,E654,13.37200051865166,78.00980012028188,33974,439,190,0.006057718459951289,0.01381594852108492,-11.0,0.0,0.015085635103544801,False,False,False,False,0,0,NORMAL,Normal flight behavior
2026-09-23 10:04:00,E654,13.380901659505332,78.01827505100886,33954,439,190,0.008901140853671663,0.008474930726976027,-20.0,0.0,0.012290433650768597,False,False,False,False,0,0,NORMAL,Normal flight behavior
2026-09-23 10:04:10,E654,13.38997829798552,78.02865152360687,33975,439,190,0.009076638480188137,0.010376472598011333,21.0,0.0,0.013786099871875006,False,False,False,False,0,0,NORMAL,Normal flight behavior
2026-09-23 10:04:20,E654,13.39605217308782,78.0390572701188,33906,441,190,0.006073875102300619,0.010405746511935376,-69.0,2.0,0.012048714422252799,False,False,False,False,0,0,NORMAL,Normal flight behavior
2026-09-23 10:04:30,E654,13.401340781168267,78.044371487893,33928,439,190,0.005288608080446622,0.005314217774198937,22.0,-2.0,0.007497351931193921,False,False,False,False,0,0,NORMAL,Normal flight behavior
2026-09-23 10:04:40,E654,13.414236002421246,78.05458375505845,33980,435,190,0.012895221252978928,0.010212267165442768,52.0,-4.0,0.016449228912677333,False,False,False,False,0,0,NORMAL,Normal flight behavior
2026-09-23 10:04:50,E654,13.427708999932223,78.0652838523102,33943,440,190,0.01347299751097708,0.010700097251756802,-37.0,5.0,0.01720504993098968,False,False,False,False,0,0,NORMAL,Normal flight behavior
2026-09-23 10:05:00,E654,13.44117506566136,78.08014225585619,33908,443,190,0.013466065729137,0.01485840354598622,-35.0,3.0,0.02005260786423586,False,False,False,False,0,0,NORMAL,Normal flight behavior
2026-09-23 10:05:10,E654,13.448427478946058,78.08695980120774,33920,442,190,0.007252413284698278,0.006817545351552212,12.0,-1.0,0.009953714034094974,False,False,False,False,0,0,NORMAL,Normal flight behavior
2026-09-23 10:05:20,E654,13.460681707855349,78.09983905450069,33942,437,190,0.012254228909290177,0.01287925329295092,22.0,-5.0,0.01777755021214313,False,False,False,False,0,0,NORMAL,Normal flight behavior
2026-09-23 10:05:30,E654,13.47058310512236,78.11251907597426,33843,436,190,0.009901397267011447,0.012680021473570946,-99.0,-1.0,0.01608790267279741,False,False,False,False,0,0,NORMAL,Normal flight behavior
2026-09-23 10:05:40,E654,13.48439485571112,78.12308184388394,33883,439,190,0.013811750588759608,0.010562767909675586,40.0,3.0,0.01738782678311967,False,False,False,False,0,0,NORMAL,Normal flight behavior
2026-09-23 10:05:50,E654,13.496476558640577,78.13547009140223,33934,435,190,0.012081702929457094,0.012388247518288154,51.0,-4.0,0.01730422556053939,False,False,False,False,0,0,NORMAL,Normal flight behavior
2026-09-23 10:06:00,E654,13.50942477183128,78.14242704208502,33915,436,190,0.012948213190703939,0.006956950682791785,-19.0,1.0,0.014698822661516689,False,False,False,False,0,0,NORMAL,Normal flight behavior
2026-09-23 10:06:10,E654,13.514634249092037,78.15197141171986,34005,433,190,0.005209477260756046,0.00954436963483829,90.0,-3.0,0.010873529558370525,False,False,False,False,0,0,NORMAL,Normal flight behavior
2026-09-23 10:06:20,E654,13.524314937425268,78.16660984874864,33951,432,190,0.009680688333231657,0.014638437028779094,-54.0,-1.0,0.01754991638870962,False,False,False,False,0,0,NORMAL,Normal flight behavior
2026-09-23 10:06:30,E654,13.529690093994107,78.18097857658779,34001,433,190,0.00537515656883869,0.014368727839155326,50.0,1.0,0.015341207509686029,False,False,False,False,0,0,NORMAL,Normal flight behavior
2026-09-23 10:06:40,E654,13.541294464250598,78.19539624692304,34002,437,190,0.011604370256490526,0.014417670335248545,1.0,4.0,0.018507582957956122,False,False,False,False,0,0,NORMAL,Normal flight behavior
2026-09-23 10:06:50,E654,13.552494975182016,78.20978983902002,34001,437,190,0.011200510931418606,0.014393592096979546,-1.0,0.0,0.018238062906434437,False,False,False,False,0,0,NORMAL,Normal flight behavior
2026-09-23 10:07:00,E654,13.566627463499268,78.21896966092105,33979,438,190,0.014132488317251557,0.009179821901028618,-22.0,1.0,0.016852191435295778,False,False,False,False,0,0,NORMAL,Normal flight behavior
2026-09-23 10:07:10,E654,13.580471566989626,78.229352916148,33884,437,190,0.01384410349035825,0.010383255226955157,-95.0,-1.0,0.017305235929043008,False,False,False,False,0,0,NORMAL,Normal flight behavior
2026-09-23 10:07:20,E654,13.59272912667498,78.24137179381472,33931,435,190,0.012257559685354025,0.012018877666719163,47.0,-2.0,0.017166863132429783,False,False,False,False,0,0,NORMAL,Normal flight behavior
2026-09-23 10:07:30,E654,13.604232867475767,78.24928065037166,33997,440,190,0.011503740800787199,0.007908856556937849,66.0,5.0,0.013960159900585483,False,False,False,False,0,0,NORMAL,Normal flight behavior
2026-09-23 10:07:40,E654,13.609502806434277,78.25896479671384,34036,442,190,0.005269938958509357,0.009684146342181066,39.0,2.0,0.011025196007472775,False,False,False,False,0,0,NORMAL,Normal flight behavior
2026-09-23 10:07:50,E654,13.61873691822072,78.26699666922619,34094,438,190,0.009234111786442512,0.008031872512347604,58.0,-4.0,0.01223845564354921,False,False,False,False,0,0,NORMAL,Normal flight behavior
2026-09-23 10:08:00,E654,13.633293938336116,78.28117062551793,34051,437,190,0.014557020115397279,0.014173956291742229,-43.0,-1.0,0.020317673872771464,False,False,False,False,0,0,NORMAL,Normal flight behavior
2026-09-23 10:08:10,E654,13.63980826650976,78.28644310474931,34085,434,190,0.006514328173643946,0.005272479231379634,34.0,-3.0,0.00838066278997436,False,False,False,False,0,0,NORMAL,Normal flight behavior
2026-09-23 10:08:20,E654,13.648676400657456,78.2981372662598,34028,434,190,0.008868134147695272,0.01169416151049063,-57.0,0.0,0.01467641702511071,False,False,False,False,0,0,NORMAL,Normal flight behavior
2026-09-23 10:08:30,E654,13.653913296931496,78.30817220453852,34012,434,190,0.005236896274039893,0.010034938278721484,-16.0,0.0,0.011319234463637664,False,False,False,False,0,0,NORMAL,Normal flight behavior
2026-09-23 10:08:40,E654,13.66121614052227,78.32267660122866,33949,439,190,0.007302843590775154,0.014504396690142585,-63.0,5.0,0.01623912090774451,False,False,False,False,0,0,NORMAL,Normal flight behavior
2026-09-23 10:08:50,E654,13.670482626976248,78.33295202535679,33943,444,190,0.009266486453977762,0.010275424128124655,-6.0,5.0,0.013836622138896462,False,False,False,False,0,0,NORMAL,Normal flight behavior
2026-09-23 10:09:00,E654,13.681006000791518,78.34037376830916,34010,444,190,0.010523373815269466,0.0074217429523741885,67.0,0.0,0.012877253779708428,False,False,False,False,0,0,NORMAL,Normal flight behavior
2026-09-23 10:09:10,E654,13.692638402709298,78.34697275212773,34095,445,190,0.011632401917779589,0.006598983818562942,85.0,1.0,0.013373831231715833,False,False,False,False,0,0,NORMAL,Normal flight behavior
2026-09-23 10:09:20,E654,13.697998862482548,78.35660082074227,34154,450,190,0.00536045977325017,0.009628068614546237,59.0,5.0,0.011019720242685091,False,False,False,False,0,0,NORMAL,Normal flight behavior
2026-09-23 10:09:30,E654,13.709957334454286,78.36445888136392,34068,449,190,0.01195847197173805,0.007858060621643403,-86.0,-1.0,0.014309233684312632,False,False,False,False,0,0,NORMAL,Normal flight behavior
2026-09-23 10:09:40,E654,13.72229577754976,78.3739283329441,34059,452,190,0.012338443095474716,0.009469451580187638,-9.0,3.0,0.015553381987522387,False,False,False,False,0,0,NORMAL,Normal flight behavior
2026-09-23 10:09:50,E654,13.736504257546674,78.38384749414952,34026,452,190,0.014208479996913326,0.009919161205417026,-33.0,0.0,0.01732831967738754,False,False,False,False,0,0,NORMAL,Normal flight behavior
2026-09-23 10:10:00,E654,13.747770831993083,78.39543031225496,33958,449,190,0.01126657444640955,0.011582818105438264,-68.0,-3.0,0.016158507821582943,False,False,False,False,0,0,NORMAL,Normal flight behavior
2026-09-23 10:10:10,E654,13.753956455194691,78.406890264512,33892,451,190,0.0061856232016079815,0.01145995225704155,-66.0,2.0,0.013022766224037913,False,False,False,False,0,0,NORMAL,Normal flight behavior
2026-09-23 10:10:20,E654,13.7618393328241,78.41700547381348,33851,450,190,0.007882877629409535,0.010115209301474692,-41.0,-1.0,0.012824087450297795,False,False,False,False,0,0,NORMAL,Normal flight behavior
2026-09-23 10:10:30,E654,13.77117406208213,78.42791105816836,33830,453,190,0.009334729258029029,0.01090558435488731,-21.0,3.0,0.014355101547612475,False,False,False,False,0,0,NORMAL,Normal flight behavior
2026-09-23 10:10:40,E654,13.77715111331976,78.43901104165919,33904,453,190,0.005977051237630704,0.011099983490822751,74.0,0.0,0.012606933607892142,False,False,False,False,0,0,NORMAL,Normal flight behavior
2026-09-23 10:10:50,E654,13.787297735284444,78.4443816845774,33987,450,190,0.010146621964683078,0.005370642918208546,83.0,-3.0,0.011480319797335468,False,False,False,False,0,0,NORMAL,Normal flight behavior
2026-09-23 10:11:00,E654,13.79535789475014,78.45321548979211,34052,448,190,0.00806015946569616,0.008833805214720769,65.0,-2.0,0.011958356291066062,False,False,False,False,0,0,NORMAL,Normal flight behavior
2026-09-23 10:11:10,E654,13.80142543056127,78.46517417947204,34017,443,190,0.006067535811130398,0.01195868967992908,-35.0,-5.0,0.013409893723672538,False,False,False,False,0,0,NORMAL,Normal flight behavior
2026-09-23 10:11:20,E654,13.810501465248452,78.47756117643048,34016,448,190,0.009076034687181433,0.012386996958440477,-1.0,5.0,0.015356174630790516,False,False,False,False,0,0,NORMAL,Normal flight behavior
2026-09-23 10:11:30,E654,13.82219636950122,78.49225838764953,33971,450,190,0.011694904252768978,0.014697211219043993,-45.0,2.0,0.01878240674404179,False,False,False,False,0,0,NORMAL,Normal flight behavior
2026-09-23 10:11:40,E654,13.8302047293242,78.50458854467482,33951,453,190,0.008008359822978761,0.012330157025289168,-20.0,3.0,0.01470260518828511,False,False,False,False,0,0,NORMAL,Normal flight behavior
2026-09-23 10:11:50,E654,13.83783800123994,78.51168453253099,33973,450,190,0.007633271915739925,0.007095987856175157,22.0,-3.0,0.01042208634557444,False,False,False,False,0,0,NORMAL,Normal flight behavior
2026-09-23 10:12:00,E654,13.846665615560328,78.52620498847327,33891,450,190,0.008827614320388477,0.014520455942275134,-82.0,0.0,0.016993246169024943,False,False,False,False,0,0,NORMAL,Normal flight behavior
2026-09-23 10:12:10,E654,13.858706004235833,78.54062182624274,33823,445,190,0.012040388675504943,0.014416837769474,-68.0,-5.0,0.018783401468545565,False,False,False,False,0,0,NORMAL,Normal flight behavior
2026-09-23 10:12:20,E654,13.869318594739193,78.55074163496654,33837,449,190,0.010612590503360053,0.010119808723800361,14.0,4.0,0.014664160589625096,False,False,False,False,0,0,NORMAL,Normal flight behavior
2026-09-23 10:12:30,E654,13.883717775345264,78.55962667466387,33839,453,190,0.014399180606071482,0.008885039697332786,2.0,4.0,0.016919820700865732,False,False,False,False,0,0,NORMAL,Normal flight behavior
2026-09-23 10:12:40,E654,13.889833493218386,78.56695916500323,33787,457,190,0.006115717873122151,0.007332490339351239,-52.0,4.0,0.009548163157398652,False,False,False,False,0,0,NORMAL,Normal flight behavior
2026-09-23 10:12:50,E654,13.898038965526483,78.5753000584191,33799,456,190,0.008205472308096873,0.008340893415876849,12.0,-1.0,0.011700439255599012,False,False,False,False,0,0,NORMAL,Normal flight behavior
2026-09-23 10:13:00,E654,13.90910449646784,78.58896290177177,33700,461,190,0.011065530941356982,0.013662843352662435,-99.0,5.0,0.017581787835528013,False,False,False,False,0,0,NORMAL,Normal flight behavior
2026-09-23 10:13:10,E654,13.917791671410669,78.59797948755862,33635,457,190,0.008687174942828335,0.009016585786852716,-65.0,-4.0,0.0125206161086018,False,False,False,False,0,0,NORMAL,Normal flight behavior
2026-09-23 10:13:20,E654,13.925081285029226,78.60625998345675,33661,460,190,0.007289613618556956,0.008280495898134177,26.0,3.0,0.011032002493965815,False,False,False,False,0,0,NORMAL,Normal flight behavior
2026-09-23 10:13:30,E654,13.936067099701464,78.61337977307907,33701,460,190,0.010985814672238803,0.007119789622322514,40.0,0.0,0.013091200413976892,False,False,False,False,0,0,NORMAL,Normal flight behavior
2026-09-23 10:13:40,E654,13.94509620661123,78.61937927434779,33719,459,190,0.009029106909766327,0.005999501268718177,18.0,-1.0,0.010840608242222436,False,False,False,False,0,0,NORMAL,Normal flight behavior
2026-09-23 10:13:50,E654,13.955215439509526,78.63292617827858,33734,461,190,0.010119232898295749,0.013546903930787835,15.0,2.0,0.016909094610887535,False,False,False,False,0,0,NORMAL,Normal flight behavior
2026-09-23 10:14:00,E654,13.960696448222892,78.6418533073399,33753,463,190,0.005481008713365654,0.00892712906131976,19.0,2.0,0.010475451770374872,False,False,False,False,0,0,NORMAL,Normal flight behavior
2026-09-23 10:14:10,E654,13.971964250556738,78.65234867315884,33795,466,190,0.011267802333845722,0.010495365818940172,42.0,3.0,0.015398573736161308,False,False,False,False,0,0,NORMAL,Normal flight behavior
2026-09-23 10:14:20,E654,13.979203301944036,78.65917105470305,33702,461,190,0.00723905138729819,0.006822381544210998,-93.0,-5.0,0.009947298875711672,False,False,False,False,0,0,NORMAL,Normal flight behavior
2026-09-23 10:14:30,E654,13.9882164631895,78.66821335202937,33607,460,190,0.009013161245464474,0.009042297326317339,-95.0,-1.0,0.012767153816503833,False,False,False,False,0,0,NORMAL,Normal flight behavior
2026-09-23 10:14:40,E654,14.002760295143911,78.67847233074033,33654,464,190,0.01454383195441089,0.010258978710965039,47.0,4.0,0.017798024949700942,False,False,False,False,0,0,NORMAL,Normal flight behavior
2026-09-23 10:14:50,E654,14.01550293273636,78.68711466077632,33676,461,190,0.012742637592449313,0.008642330035982582,22.0,-3.0,0.015396904924800605,False,False,False,False,0,0,NORMAL,Normal flight behavior
2026-09-23 10:15:00,E654,14.021959858619931,78.69545254809734,33706,460,190,0.006456925883570719,0.008337887321019366,30.0,-1.0,0.010545722205896618,False,False,False,False,0,0,NORMAL,Normal flight behavior
2026-09-23 10:15:10,E654,14.03199971913123,78.70701037575124,33609,457,190,0.01003986051129857,0.011557827653902564,-97.0,-3.0,0.015309545361102244,False,False,False,False,0,0,NORMAL,Normal flight behavior
2026-09-23 10:15:20,E654,14.043564610978708,78.721131244165,33695,462,190,0.011564891847477554,0.014120868413755261,86.0,5.0,0.018252277890785134,False,False,False,False,0,0,NORMAL,Normal flight behavior
2026-09-23 10:15:30,E654,14.048586756980406,78.72935219835934,33742,460,190,0.005022146001698147,0.008220954194342767,47.0,-2.0,0.009633589067832123,False,False,False,False,0,0,NORMAL,Normal flight behavior
2026-09-23 10:15:40,E654,14.063365980238853,78.7433669487904,33804,464,190,0.01477922325844716,0.014014750431059042,62.0,4.0,0.020367588707745823,False,False,False,False,0,0,NORMAL,Normal flight behavior
2026-09-23 10:15:50,E654,14.072803120897913,78.75334257509017,33807,459,190,0.00943714065905965,0.009975626299777218,3.0,-5.0,0.013732179138493778,False,False,False,False,0,0,NORMAL,Normal flight behavior
2026-09-23 10:16:00,E654,14.081368225674533,78.76134416570982,33784,463,190,0.008565104776620203,0.00800159061964223,-23.0,4.0,0.011721197561632885,False,False,False,False,0,0,NORMAL,Normal flight behavior
2026-09-23 10:16:10,E654,14.09037991428598,78.77322033217182,33801,461,190,0.009011688611447966,0.011876166462002402,17.0,-2.0,0.014908181024621738,False,False,False,False,0,0,NORMAL,Normal flight behavior
2026-09-23 10:16:20,E654,14.095813876827252,78.78640724142777,33804,456,190,0.0054339625412715975,0.013186909255949786,3.0,-5.0,0.014262626848676824,False,False,False,False,0,0,NORMAL,Normal flight behavior
2026-09-23 10:16:30,E654,14.108107090272958,78.79228303068922,33706,461,190,0.01229321344570522,0.005875789261452269,-98.0,5.0,0.013625270502513534,False,False,False,False,0,0,NORMAL,Normal flight behavior
