timestamp,aircraft_id,latitude,longitude,altitude,speed,latitude_change,longitude_change,altitude_change,speed_change,position_change,abs_altitude_change,abs_speed_change,speed_anomaly,altitude_anomaly,position_anomaly,altitude_change_anomaly,ml_prediction,ml_anomaly_score,evidence_count,risk_score,risk_level,explanation
2026-09-23 10:00:00,A123,13.480259,77.380609,30845.95,433.06,0.0,0.0,0.0,0.0,0.0,0.0,0.0,False,False,False,False,-1,0.491,0,14.7,NORMAL,Normal flight behavior
2026-09-23 10:00:10,A123,13.481432,77.382307,30831.83,436.17,0.0011729999999996465,0.0016979999999904294,-14.119999999998981,3.1100000000000136,0.002063766701923129,14.119999999998981,3.1100000000000136,False,False,False,False,1,0.077,0,2.3,NORMAL,Normal flight behavior
2026-09-23 10:00:20,A123,13.481415,77.383814,30874.52,426.35,-1.699999999971169e-05,0.0015070000000036998,42.68999999999869,-9.819999999999993,0.001507095882819385,42.68999999999869,9.819999999999993,False,False,False,False,1,0.287,0,8.6,NORMAL,Normal flight behavior
2026-09-23 10:00:30,A123,13.48171,77.385775,30799.23,435.26,0.0002949999999994901,0.0019609999999943284,-75.29000000000087,8.909999999999968,0.001983064799742423,75.29000000000087,8.909999999999968,False,False,False,False,1,0.146,0,4.4,NORMAL,Normal flight behavior
2026-09-23 10:00:40,A123,13.482837,77.387435,30947.94,433.1,0.0011270000000003222,0.001660000000001105,148.70999999999913,-2.159999999999968,0.0020064219396738053,148.70999999999913,2.159999999999968,False,False,False,False,1,0.233,0,7.0,NORMAL,Normal flight behavior
2026-09-23 10:00:50,A123,13.484027,77.38943,30827.34,434.44,0.0011899999999993582,0.0019950000000079626,-120.59999999999854,1.339999999999975,0.0023229560908528263,120.59999999999854,1.339999999999975,False,False,False,False,1,0.159,0,4.8,NORMAL,Normal flight behavior
2026-09-23 10:01:00,A123,13.48434,77.39215,30823.96,432.83,0.00031300000000022976,0.002719999999996503,-3.3800000000010186,-1.6100000000000136,0.0027379497803979385,3.3800000000010186,1.6100000000000136,False,False,False,False,1,0.145,0,4.4,NORMAL,Normal flight behavior
2026-09-23 10:01:10,A123,13.485359,77.394741,30859.19,429.77,0.0010190000000012134,0.002590999999995347,35.22999999999956,-3.0600000000000023,0.00278417707769789,35.22999999999956,3.0600000000000023,False,False,False,False,1,0.119,0,3.6,NORMAL,Normal flight behavior
2026-09-23 10:01:20,A123,13.486729,77.395512,30872.53,426.16,0.0013699999999996493,0.0007710000000002992,13.340000000000146,-3.609999999999957,0.0015720499355934914,13.340000000000146,3.609999999999957,False,False,False,False,1,0.238,0,7.1,NORMAL,Normal flight behavior
2026-09-23 10:01:30,A123,13.486669,77.398079,30904.31,434.69,-6.000000000128125e-05,0.0025669999999990978,31.780000000002474,8.529999999999973,0.0025677011118889056,31.780000000002474,8.529999999999973,False,False,False,False,1,0.135,0,4.0,NORMAL,Normal flight behavior
2026-09-23 10:01:40,A123,13.487954,77.39988,30771.29,431.12,0.0012850000000010908,0.0018010000000003856,-133.02000000000044,-3.569999999999993,0.0022124253659737752,133.02000000000044,3.569999999999993,False,False,False,False,1,0.223,0,6.7,NORMAL,Normal flight behavior
2026-09-23 10:01:50,A123,13.488616,77.402423,30880.62,426.95,0.0006620000000001625,0.0025430000000028485,109.32999999999811,-4.170000000000016,0.002627754364474485,109.32999999999811,4.170000000000016,False,False,False,False,1,0.242,0,7.3,NORMAL,Normal flight behavior
2026-09-23 10:02:00,A123,13.48973,77.403846,30819.38,436.45,0.0011139999999993933,0.0014230000000026166,-61.23999999999796,9.5,0.001807187040681206,61.23999999999796,9.5,False,False,False,False,1,0.18,0,5.4,NORMAL,Normal flight behavior
2026-09-23 10:02:10,A123,13.490812,77.406373,30809.65,432.76,0.0010820000000002494,0.002527000000000612,-9.729999999999563,-3.6899999999999977,0.002748900325585421,9.729999999999563,3.6899999999999977,False,False,False,False,1,0.115,0,3.4,NORMAL,Normal flight behavior
2026-09-23 10:02:20,A123,13.491333,77.40839,30831.25,433.26,0.0005209999999991055,0.0020169999999950505,21.599999999998545,0.5,0.0020832018625133526,21.599999999998545,0.5,False,False,False,False,1,0.13,0,3.9,NORMAL,Normal flight behavior
2026-09-23 10:02:30,A123,13.491557,77.409522,30908.75,439.42,0.0002240000000011122,0.0011319999999983565,77.5,6.160000000000025,0.0011539497389387362,77.5,6.160000000000025,False,False,False,False,1,0.247,0,7.4,NORMAL,Normal flight behavior
2026-09-23 10:02:40,A123,13.492771,77.412401,30881.7,431.42,0.0012139999999991602,0.0028790000000071814,-27.049999999999272,-8.0,0.0031244898783704374,27.049999999999272,8.0,False,False,False,False,1,0.207,0,6.2,NORMAL,Normal flight behavior
2026-09-23 10:02:50,A123,13.493745,77.414615,30857.85,440.26,0.0009740000000011406,0.0022139999999950533,-23.850000000002183,8.839999999999975,0.0024187748965086267,23.850000000002183,8.839999999999975,False,False,False,False,1,0.187,0,5.6,NORMAL,Normal flight behavior
2026-09-23 10:03:00,A123,13.493352,77.416329,30865.22,432.8,-0.00039300000000075386,0.0017140000000068767,7.370000000002619,-7.4599999999999795,0.0017584780351270145,7.370000000002619,7.4599999999999795,False,False,False,False,1,0.153,0,4.6,NORMAL,Normal flight behavior
2026-09-23 10:03:10,A123,13.495237,77.417205,30846.82,435.43,0.0018849999999996925,0.0008759999999909951,-18.400000000001455,2.6299999999999955,0.0020786055421803977,18.400000000001455,2.6299999999999955,False,False,False,False,1,0.081,0,2.4,NORMAL,Normal flight behavior
2026-09-23 10:03:20,A123,13.496591,77.419793,30811.49,431.99,0.0013540000000009655,0.0025880000000029213,-35.32999999999811,-3.4399999999999977,0.0029207978362114926,35.32999999999811,3.4399999999999977,False,False,False,False,1,0.102,0,3.1,NORMAL,Normal flight behavior
2026-09-23 10:03:30,A123,13.497166,77.422132,30828.21,436.05,0.0005749999999995481,0.0023390000000063083,16.719999999997526,4.060000000000002,0.0024086398651581332,16.719999999997526,4.060000000000002,False,False,False,False,1,0.083,0,2.5,NORMAL,Normal flight behavior
2026-09-23 10:03:40,A123,13.497639,77.424387,30817.88,432.69,0.0004729999999995016,0.002254999999991014,-10.329999999998108,-3.3600000000000136,0.00230407334951798,10.329999999998108,3.3600000000000136,False,False,False,False,1,0.078,0,2.3,NORMAL,Normal flight behavior
2026-09-23 10:03:50,A123,13.498243,77.425415,30877.77,435.04,0.0006040000000009371,0.001028000000005136,59.88999999999942,2.3500000000000227,0.0011923086848680134,59.88999999999942,2.3500000000000227,False,False,False,False,1,0.176,0,5.3,NORMAL,Normal flight behavior
2026-09-23 10:04:00,A123,13.499202,77.427906,30775.08,432.32,0.0009589999999999321,0.0024909999999920274,-102.68999999999869,-2.7200000000000273,0.0026692249811434312,102.68999999999869,2.7200000000000273,False,False,False,False,1,0.138,0,4.1,NORMAL,Normal flight behavior
2026-09-23 10:04:10,A123,13.499863,77.429679,30850.32,435.62,0.0006609999999991345,0.0017730000000000246,75.23999999999796,3.3000000000000114,0.0018922077053005948,75.23999999999796,3.3000000000000114,False,False,False,False,1,0.076,0,2.3,NORMAL,Normal flight behavior
2026-09-23 10:04:20,A123,13.501554,77.43207,30875.45,433.7,0.0016910000000009973,0.0023910000000029186,25.13000000000102,-1.920000000000016,0.0029285426409764517,25.13000000000102,1.920000000000016,False,False,False,False,1,0.116,0,3.5,NORMAL,Normal flight behavior
2026-09-23 10:04:30,A123,13.500832,77.433989,30863.61,443.85,-0.0007219999999996674,0.0019190000000008922,-11.840000000000146,10.150000000000034,0.0020503280225376,11.840000000000146,10.150000000000034,False,False,False,False,1,0.226,0,6.8,NORMAL,Normal flight behavior
2026-09-23 10:04:40,A123,13.502323,77.436121,30857.92,429.33,0.001490999999999687,0.0021320000000031314,-5.690000000002328,-14.520000000000039,0.0026016350628042394,5.690000000002328,14.520000000000039,False,False,False,False,-1,0.371,0,11.1,NORMAL,Normal flight behavior
2026-09-23 10:04:50,A123,13.503657,77.438301,30907.46,430.36,0.0013339999999999463,0.00217999999999563,49.54000000000087,1.0300000000000296,0.002555769160151363,49.54000000000087,1.0300000000000296,False,False,False,False,1,0.15,0,4.5,NORMAL,Normal flight behavior
2026-09-23 10:05:00,A123,13.504561,77.439439,30895.21,442.76,0.000904000000000238,0.0011379999999974189,-12.25,12.399999999999977,0.0014533616205179478,12.25,12.399999999999977,False,False,False,False,-1,0.36,0,10.8,NORMAL,Normal flight behavior
2026-09-23 10:05:10,A123,13.504404,77.441773,30865.98,431.99,-0.00015700000000151704,0.002334000000004721,-29.229999999999563,-10.769999999999982,0.0023392744601740336,29.229999999999563,10.769999999999982,False,False,False,False,1,0.189,0,5.7,NORMAL,Normal flight behavior
2026-09-23 10:05:20,A123,13.50498,77.444027,30796.26,435.89,0.000576000000000576,0.00225400000000775,-69.72000000000116,3.8999999999999773,0.0023264333216397154,69.72000000000116,3.8999999999999773,False,False,False,False,1,0.086,0,2.6,NORMAL,Normal flight behavior
2026-09-23 10:05:30,A123,13.506032,77.44662,30813.0,432.71,0.0010519999999996088,0.0025929999999902975,16.7400000000016,-3.180000000000007,0.002798276791160742,16.7400000000016,3.180000000000007,False,False,False,False,1,0.105,0,3.2,NORMAL,Normal flight behavior
2026-09-23 10:05:40,A123,13.507525,77.447508,30873.65,439.23,0.0014929999999999666,0.0008880000000033306,60.650000000001455,6.520000000000039,0.001737122045224749,60.650000000001455,6.520000000000039,False,False,False,False,1,0.146,0,4.4,NORMAL,Normal flight behavior
2026-09-23 10:05:50,A123,13.507357,77.450074,30875.59,437.13,-0.0001679999999986137,0.0025660000000016225,1.9399999999986903,-2.1000000000000227,0.0025714937293347343,1.9399999999986903,2.1000000000000227,False,False,False,False,1,0.144,0,4.3,NORMAL,Normal flight behavior
2026-09-23 10:06:00,A123,13.508305,77.451472,30891.32,435.19,0.0009479999999992827,0.0013979999999946813,15.729999999999563,-1.9399999999999977,0.0016891145609412553,15.729999999999563,1.9399999999999977,False,False,False,False,1,0.111,0,3.3,NORMAL,Normal flight behavior
2026-09-23 10:06:10,A123,13.5097,77.454139,30819.2,434.93,0.0013950000000004792,0.0026670000000024174,-72.11999999999898,-0.2599999999999909,0.0030098029835878347,72.11999999999898,0.2599999999999909,False,False,False,False,1,0.181,0,5.4,NORMAL,Normal flight behavior
2026-09-23 10:06:20,A123,13.510517,77.455714,30971.95,435.9,0.0008169999999996236,0.0015750000000025466,152.75,0.9699999999999704,0.0017742925350706423,152.75,0.9699999999999704,False,False,False,False,1,0.297,0,8.9,NORMAL,Normal flight behavior
2026-09-23 10:06:30,A123,13.510723,77.458263,30801.52,437.15,0.00020600000000037255,0.002549000000001911,-170.4300000000003,1.25,0.0025573105012903488,170.4300000000003,1.25,False,False,False,False,1,0.278,0,8.3,NORMAL,Normal flight behavior
2026-09-23 10:06:40,A123,13.512463,77.459672,30917.8,435.65,0.0017399999999998528,0.0014089999999953307,116.27999999999884,-1.5,0.0022389464040004016,116.27999999999884,1.5,False,False,False,False,1,0.185,0,5.6,NORMAL,Normal flight behavior
2026-09-23 10:06:50,A123,13.513129,77.462759,30845.28,430.99,0.0006659999999989452,0.0030870000000078335,-72.52000000000044,-4.659999999999968,0.00315802549072153,72.52000000000044,4.659999999999968,False,False,False,False,1,0.147,0,4.4,NORMAL,Normal flight behavior
2026-09-23 10:07:00,A123,13.513244,77.463674,30855.37,435.36,0.00011500000000097543,0.0009149999999920055,10.090000000000146,4.3700000000000045,0.0009221984601947644,10.090000000000146,4.3700000000000045,False,False,False,False,1,0.203,0,6.1,NORMAL,Normal flight behavior
2026-09-23 10:07:10,A123,13.514511,77.466331,30860.78,439.81,0.0012670000000003512,0.0026569999999992433,5.4099999999998545,4.449999999999989,0.0029436266746985544,5.4099999999998545,4.449999999999989,False,False,False,False,1,0.201,0,6.0,NORMAL,Normal flight behavior
2026-09-23 10:07:20,A123,13.515094,77.469088,30897.54,430.57,0.00058299999999889,0.002757000000002563,36.76000000000204,-9.240000000000009,0.002817966997679859,36.76000000000204,9.240000000000009,False,False,False,False,1,0.168,0,5.0,NORMAL,Normal flight behavior
2026-09-23 10:07:30,A123,13.515572,77.470193,30846.59,436.86,0.00047800000000108867,0.0011049999999954707,-50.95000000000073,6.2900000000000205,0.001203955563960328,50.95000000000073,6.2900000000000205,False,False,False,False,1,0.191,0,5.7,NORMAL,Normal flight behavior
2026-09-23 10:07:40,A123,13.516989,77.471971,30809.19,427.94,0.0014170000000000016,0.0017780000000016116,-37.400000000001455,-8.920000000000016,0.0022735815358165047,37.400000000001455,8.920000000000016,False,False,False,False,1,0.197,0,5.9,NORMAL,Normal flight behavior
2026-09-23 10:07:50,A123,13.517421,77.474343,30872.85,429.02,0.00043199999999998795,0.0023720000000082564,63.659999999999854,1.079999999999984,0.00241101804224671,63.659999999999854,1.079999999999984,False,False,False,False,1,0.19,0,5.7,NORMAL,Normal flight behavior
2026-09-23 10:08:00,A123,13.518469,77.476154,30806.97,434.61,0.0010479999999990497,0.001810999999989349,-65.87999999999738,5.590000000000032,0.0020923730546820347,65.87999999999738,5.590000000000032,False,False,False,False,1,0.078,0,2.3,NORMAL,Normal flight behavior
2026-09-23 10:08:10,A123,13.519223,77.477543,30881.47,436.24,0.0007540000000005875,0.0013890000000031932,74.5,1.6299999999999955,0.001580454681416002,74.5,1.6299999999999955,False,False,False,False,1,0.136,0,4.1,NORMAL,Normal flight behavior
2026-09-23 10:08:20,A123,13.520433,77.480422,30777.34,430.25,0.0012100000000003774,0.0028790000000071814,-104.13000000000102,-5.990000000000009,0.0031229378796322964,104.13000000000102,5.990000000000009,False,False,False,False,1,0.233,0,7.0,NORMAL,Normal flight behavior
2026-09-23 10:08:30,A123,13.521006,77.482206,30890.9,449.41,0.0005729999999992685,0.001784000000000674,113.56000000000131,19.160000000000025,0.0018737622581324362,113.56000000000131,19.160000000000025,False,False,False,False,-1,0.517,0,15.5,NORMAL,Normal flight behavior
2026-09-23 10:08:40,A123,13.521828,77.484454,30917.24,436.61,0.0008219999999994343,0.0022479999999944766,26.340000000000146,-12.800000000000011,0.0023935722257693074,26.340000000000146,12.800000000000011,False,False,False,False,1,0.275,0,8.2,NORMAL,Normal flight behavior
2026-09-23 10:08:50,A123,13.522274,77.486304,30813.63,433.05,0.0004460000000001685,0.0018500000000045702,-103.61000000000058,-3.5600000000000023,0.0019030018392048548,103.61000000000058,3.5600000000000023,False,False,False,False,1,0.12,0,3.6,NORMAL,Normal flight behavior
2026-09-23 10:09:00,A123,13.523006,77.488033,30998.88,426.53,0.0007320000000010651,0.001728999999997427,185.25,-6.520000000000039,0.0018775689068560605,185.25,6.520000000000039,False,False,False,False,-1,0.435,0,13.0,NORMAL,Normal flight behavior
2026-09-23 10:09:10,A123,13.524275,77.489355,30831.68,438.36,0.0012689999999988544,0.0013220000000018217,-167.20000000000073,11.830000000000041,0.0018324969304208696,167.20000000000073,11.830000000000041,False,False,False,False,-1,0.396,0,11.9,NORMAL,Normal flight behavior
2026-09-23 10:09:20,A123,13.524826,77.491569,30817.08,436.72,0.0005509999999997461,0.0022139999999950533,-14.599999999998545,-1.6399999999999864,0.002281533913834685,14.599999999998545,1.6399999999999864,False,False,False,False,1,0.109,0,3.3,NORMAL,Normal flight behavior
2026-09-23 10:09:30,A123,13.525308,77.494087,30862.73,431.39,0.0004820000000016478,0.002517999999994913,45.64999999999782,-5.330000000000041,0.0025637176131500855,45.64999999999782,5.330000000000041,False,False,False,False,1,0.084,0,2.5,NORMAL,Normal flight behavior
2026-09-23 10:09:40,A123,13.527258,77.496254,30738.49,434.75,0.001949999999999008,0.00216700000000003,-124.23999999999796,3.3600000000000136,0.002915199650109107,124.23999999999796,3.3600000000000136,False,False,False,False,1,0.221,0,6.6,NORMAL,Normal flight behavior
2026-09-23 10:09:50,A123,13.526935,77.498341,30812.45,433.54,-0.0003229999999998512,0.0020870000000030586,73.95999999999913,-1.2099999999999795,0.002111847058859299,73.95999999999913,1.2099999999999795,False,False,False,False,1,0.098,0,2.9,NORMAL,Normal flight behavior
2026-09-23 10:10:00,A123,13.528202,77.500346,30787.98,432.66,0.0012670000000003512,0.002004999999996926,-24.470000000001164,-0.8799999999999955,0.002371774441212436,24.470000000001164,0.8799999999999955,False,False,False,False,1,0.134,0,4.0,NORMAL,Normal flight behavior
2026-09-23 10:10:10,A123,13.52861,77.501739,30965.93,435.62,0.000408000000000186,0.001393000000007305,177.95000000000073,2.9599999999999795,0.0014515209264838395,177.95000000000073,2.9599999999999795,False,False,False,False,-1,0.373,0,11.2,NORMAL,Normal flight behavior
2026-09-23 10:10:20,A123,13.529096,77.504367,30987.33,438.13,0.0004859999999986542,0.002628000000001407,21.400000000001455,2.509999999999991,0.00267256056994151,21.400000000001455,2.509999999999991,False,False,False,False,1,0.173,0,5.2,NORMAL,Normal flight behavior
2026-09-23 10:10:30,A123,13.529792,77.505806,30936.01,431.17,0.0006960000000013622,0.001439000000004853,-51.32000000000335,-6.9599999999999795,0.0015984795901155145,51.32000000000335,6.9599999999999795,False,False,False,False,1,0.162,0,4.9,NORMAL,Normal flight behavior
2026-09-23 10:10:40,A123,13.531378,77.50831,30804.38,433.76,0.0015859999999996433,0.0025039999999876272,-131.62999999999738,2.589999999999975,0.0029640195680759106,131.62999999999738,2.589999999999975,False,False,False,False,1,0.21,0,6.3,NORMAL,Normal flight behavior
2026-09-23 10:10:50,A123,13.530703,77.50959,30844.85,429.01,-0.000674999999999315,0.0012800000000083855,40.469999999997526,-4.75,0.0014470746352626537,40.469999999997526,4.75,False,False,False,False,1,0.182,0,5.5,NORMAL,Normal flight behavior
2026-09-23 10:11:00,A123,13.533453,77.511428,30833.6,434.52,0.00274999999999892,0.0018379999999922347,-11.25,5.509999999999991,0.0033076795491651717,11.25,5.509999999999991,False,False,False,False,1,0.169,0,5.1,NORMAL,Normal flight behavior
2026-09-23 10:11:10,A123,13.534177,77.513426,30929.79,434.04,0.0007239999999999469,0.0019980000000003884,96.19000000000233,-0.47999999999996135,0.0021251305842233496,96.19000000000233,0.47999999999996135,False,False,False,False,1,0.162,0,4.9,NORMAL,Normal flight behavior
2026-09-23 10:11:20,A123,13.534007,77.516185,30871.94,431.6,-0.00016999999999889326,0.0027589999999975134,-57.85000000000218,-2.4399999999999977,0.0027642324431903158,57.85000000000218,2.4399999999999977,False,False,False,False,1,0.11,0,3.3,NORMAL,Normal flight behavior
2026-09-23 10:11:30,A123,13.535228,77.517846,30866.81,436.65,0.0012209999999992505,0.0016610000000127911,-5.129999999997381,5.0499999999999545,0.0020614950885317826,5.129999999997381,5.0499999999999545,False,False,False,False,1,0.114,0,3.4,NORMAL,Normal flight behavior
2026-09-23 10:11:40,A123,13.536634,77.519505,30987.98,426.19,0.0014059999999993522,0.001658999999989419,121.16999999999825,-10.45999999999998,0.002174653305693363,121.16999999999825,10.45999999999998,False,False,False,False,-1,0.396,0,11.9,NORMAL,Normal flight behavior
2026-09-23 10:11:50,A123,13.536739,77.522235,30876.86,431.51,0.00010500000000135401,0.002729999999999677,-111.11999999999898,5.319999999999993,0.0027320184845638436,111.11999999999898,5.319999999999993,False,False,False,False,1,0.162,0,4.9,NORMAL,Normal flight behavior
2026-09-23 10:12:00,A123,13.537517,77.523803,30824.64,437.4,0.0007779999999986131,0.001568000000006009,-52.220000000001164,5.889999999999986,0.0017504022394914508,52.220000000001164,5.889999999999986,False,False,False,False,1,0.134,0,4.0,NORMAL,Normal flight behavior
2026-09-23 10:12:10,A123,13.538543,77.525723,30913.98,435.23,0.0010260000000013036,0.0019199999999983675,89.34000000000015,-2.169999999999959,0.0021769418917362967,89.34000000000015,2.169999999999959,False,False,False,False,1,0.101,0,3.0,NORMAL,Normal flight behavior
2026-09-23 10:12:20,A123,13.539525,77.528252,30810.26,431.76,0.0009819999999987061,0.0025289999999955626,-103.72000000000116,-3.4700000000000273,0.0027129624029785253,103.72000000000116,3.4700000000000273,False,False,False,False,1,0.136,0,4.1,NORMAL,Normal flight behavior
2026-09-23 10:12:30,A123,13.540299,77.530244,30858.75,434.47,0.0007739999999998304,0.001992000000001326,48.4900000000016,2.7100000000000364,0.002137086802169023,48.4900000000016,2.7100000000000364,False,False,False,False,1,0.063,0,1.9,NORMAL,Normal flight behavior
2026-09-23 10:12:40,A123,13.540911,77.531763,30892.83,433.19,0.000612000000000279,0.0015190000000018244,34.080000000001746,-1.2800000000000296,0.0016376522829971826,34.080000000001746,1.2800000000000296,False,False,False,False,1,0.125,0,3.8,NORMAL,Normal flight behavior
2026-09-23 10:12:50,A123,13.540713,77.53444,30909.52,437.25,-0.00019799999999925433,0.0026770000000055916,16.68999999999869,4.060000000000002,0.0026843123886816232,16.68999999999869,4.060000000000002,False,False,False,False,1,0.126,0,3.8,NORMAL,Normal flight behavior
2026-09-23 10:13:00,A123,13.541722,77.536008,30900.92,432.76,0.0010089999999998156,0.0015679999999917982,-8.600000000002183,-4.490000000000009,0.0018645924487602932,8.600000000002183,4.490000000000009,False,False,False,False,1,0.111,0,3.3,NORMAL,Normal flight behavior
2026-09-23 10:13:10,A123,13.54173,77.537948,30865.82,436.38,7.999999999341867e-06,0.0019400000000047157,-35.099999999998545,3.6200000000000045,0.0019400164947799507,35.099999999998545,3.6200000000000045,False,False,False,False,1,0.075,0,2.2,NORMAL,Normal flight behavior
2026-09-23 10:13:20,A123,13.541673,77.540837,30799.64,429.14,-5.699999999997374e-05,0.0028889999999961447,-66.18000000000029,-7.240000000000009,0.0028895622505801326,66.18000000000029,7.240000000000009,False,False,False,False,1,0.185,0,5.6,NORMAL,Normal flight behavior
2026-09-23 10:13:30,A123,13.542863,77.542317,30897.45,436.51,0.0011900000000011346,0.001480000000000814,97.81000000000131,7.3700000000000045,0.0018990787240146497,97.81000000000131,7.3700000000000045,False,False,False,False,1,0.13,0,3.9,NORMAL,Normal flight behavior
2026-09-23 10:13:40,A123,13.542795,77.543641,30864.55,431.29,-6.800000000062312e-05,0.0013239999999967722,-32.900000000001455,-5.21999999999997,0.0013257450735309323,32.900000000001455,5.21999999999997,False,False,False,False,1,0.161,0,4.8,NORMAL,Normal flight behavior
2026-09-23 10:13:50,A123,13.54359,77.545941,30810.47,432.71,0.0007950000000001012,0.002300000000005298,-54.07999999999811,1.419999999999959,0.0024335211114811664,54.07999999999811,1.419999999999959,False,False,False,False,1,0.107,0,3.2,NORMAL,Normal flight behavior
2026-09-23 10:14:00,A123,13.543765,77.547775,30810.67,434.97,0.00017500000000048033,0.0018340000000023338,0.19999999999708962,2.2600000000000477,0.001842330317833566,0.19999999999708962,2.2600000000000477,False,False,False,False,1,0.147,0,4.4,NORMAL,Normal flight behavior
2026-09-23 10:14:10,A123,13.544098,77.549797,30831.74,434.93,0.0003329999999994726,0.0020219999999966376,21.070000000003347,-0.040000000000020464,0.002049237175142509,21.070000000003347,0.040000000000020464,False,False,False,False,1,0.15,0,4.5,NORMAL,Normal flight behavior
2026-09-23 10:14:20,A123,13.543821,77.551437,30816.89,433.15,-0.0002770000000005268,0.0016400000000089676,-14.850000000002183,-1.7800000000000296,0.0016632284870184571,14.850000000002183,1.7800000000000296,False,False,False,False,1,0.146,0,4.4,NORMAL,Normal flight behavior
2026-09-23 10:14:30,A123,13.544924,77.55459,30911.46,433.36,0.0011030000000005202,0.003152999999997519,94.56999999999971,0.21000000000003638,0.0033403619564330903,94.56999999999971,0.21000000000003638,False,False,False,False,1,0.268,0,8.0,NORMAL,Normal flight behavior
2026-09-23 10:14:40,A123,13.545192,77.555599,30858.89,432.85,0.000268000000000157,0.0010089999999962629,-52.56999999999971,-0.5099999999999909,0.0010439851531475642,52.56999999999971,0.5099999999999909,False,False,False,False,1,0.255,0,7.6,NORMAL,Normal flight behavior
2026-09-23 10:14:50,A123,13.545729,77.557669,30891.16,440.13,0.0005369999999995656,0.002070000000003347,32.27000000000044,7.279999999999973,0.002138520282815524,32.27000000000044,7.279999999999973,False,False,False,False,1,0.143,0,4.3,NORMAL,Normal flight behavior
2026-09-23 10:15:00,A123,13.545956,77.560161,30901.41,432.4,0.00022700000000064335,0.0024919999999895026,10.25,-7.730000000000018,0.002502317525804424,10.25,7.730000000000018,False,False,False,False,1,0.141,0,4.2,NORMAL,Normal flight behavior
2026-09-23 10:15:10,A123,13.54649,77.562005,30865.86,430.91,0.0005340000000000344,0.001844000000005508,-35.54999999999927,-1.4899999999999523,0.0019197635271096152,35.54999999999927,1.4899999999999523,False,False,False,False,1,0.11,0,3.3,NORMAL,Normal flight behavior
2026-09-23 10:15:20,A123,13.54681,77.564199,30947.07,437.84,0.00032000000000032003,0.002194000000002916,81.20999999999913,6.92999999999995,0.0022172135666220787,81.20999999999913,6.92999999999995,False,False,False,False,1,0.148,0,4.4,NORMAL,Normal flight behavior
2026-09-23 10:15:30,A123,13.548061,77.565693,30912.34,434.73,0.001250999999999891,0.001493999999993889,-34.72999999999956,-3.109999999999957,0.001948598727286218,34.72999999999956,3.109999999999957,False,False,False,False,1,0.062,0,1.9,NORMAL,Normal flight behavior
2026-09-23 10:15:40,A123,13.548476,77.567677,30809.62,431.6,0.00041500000000027626,0.0019840000000073132,-102.72000000000116,-3.1299999999999955,0.002026938824935091,102.72000000000116,3.1299999999999955,False,False,False,False,1,0.11,0,3.3,NORMAL,Normal flight behavior
2026-09-23 10:15:50,A123,13.54715,77.56979,30814.45,434.6,-0.0013260000000006045,0.0021129999999942584,4.830000000001746,3.0,0.0024946031748511303,4.830000000001746,3.0,False,False,False,False,1,0.106,0,3.2,NORMAL,Normal flight behavior
2026-09-23 10:16:00,A123,13.548537,77.57275,30917.03,431.69,0.001386999999999361,0.002960000000001628,102.57999999999811,-2.910000000000025,0.003268848268122561,102.57999999999811,2.910000000000025,False,False,False,False,1,0.205,0,6.1,NORMAL,Normal flight behavior
2026-09-23 10:16:10,A123,13.548441,77.574197,30780.79,441.33,-9.599999999920783e-05,0.0014469999999988659,-136.23999999999796,9.639999999999986,0.001450181023181784,136.23999999999796,9.639999999999986,False,False,False,False,1,0.355,0,10.6,NORMAL,Normal flight behavior
2026-09-23 10:16:20,A123,13.549672,77.575812,30757.21,439.42,0.0012309999999988719,0.0016150000000010323,-23.580000000001746,-1.9099999999999682,0.0020306614685861738,23.580000000001746,1.9099999999999682,False,False,False,False,1,0.166,0,5.0,NORMAL,Normal flight behavior
2026-09-23 10:16:30,A123,13.549554,77.578495,30764.33,431.6,-0.00011799999999873023,0.002683000000004654,7.120000000002619,-7.819999999999993,0.0026855936029162478,7.120000000002619,7.819999999999993,False,False,False,False,1,0.205,0,6.1,NORMAL,Normal flight behavior
2026-09-23 10:00:00,B456,13.480002,77.860019,34586.0,449.49,0.0,0.0,0.0,0.0,0.0,0.0,0.0,False,False,False,False,-1,0.379,0,11.4,NORMAL,Normal flight behavior
2026-09-23 10:00:10,B456,13.480373,77.861943,34620.22,449.06,0.0003709999999994551,0.0019240000000024793,34.220000000001164,-0.4300000000000068,0.001959443033111485,34.220000000001164,0.4300000000000068,False,False,False,False,1,0.066,0,2.0,NORMAL,Normal flight behavior
2026-09-23 10:00:20,B456,13.481885,77.86355,34520.95,452.11,0.0015119999999999578,0.0016070000000070195,-99.27000000000407,3.0500000000000114,0.002206488839768385,99.27000000000407,3.0500000000000114,False,False,False,False,1,0.061,0,1.8,NORMAL,Normal flight behavior
2026-09-23 10:00:30,B456,13.482533,77.865701,34706.07,447.46,0.0006479999999999819,0.0021509999999977936,185.12000000000262,-4.650000000000034,0.0022464872579185673,185.12000000000262,4.650000000000034,False,False,False,False,1,0.203,0,6.1,NORMAL,Normal flight behavior
2026-09-23 10:00:40,B456,13.483672,77.868027,34736.64,454.02,0.0011390000000002232,0.0023259999999964975,30.56999999999971,6.560000000000002,0.0025899028939294646,30.56999999999971,6.560000000000002,False,False,False,False,1,0.075,0,2.2,NORMAL,Normal flight behavior
2026-09-23 10:00:50,B456,13.4839,77.870389,34651.72,452.47,0.00022799999999989495,0.0023620000000050823,-84.91999999999825,-1.5499999999999545,0.0023729787188308204,84.91999999999825,1.5499999999999545,False,False,False,False,1,0.071,0,2.1,NORMAL,Normal flight behavior
2026-09-23 10:01:00,B456,13.484414,77.872274,34676.51,439.97,0.0005139999999990152,0.0018850000000014688,24.790000000000873,-12.5,0.001953822151579955,24.790000000000873,12.5,False,False,False,False,1,0.227,0,6.8,NORMAL,Normal flight behavior
2026-09-23 10:01:10,B456,13.485127,77.873184,34596.84,449.87,0.0007130000000010739,0.0009099999999904185,-79.67000000000553,9.899999999999977,0.0011560575245134184,79.67000000000553,9.899999999999977,False,False,False,False,1,0.203,0,6.1,NORMAL,Normal flight behavior
2026-09-23 10:01:20,B456,13.487001,77.87603,34710.72,441.48,0.001873999999999043,0.0028460000000052332,113.88000000000466,-8.389999999999986,0.0034075786124499316,113.88000000000466,8.389999999999986,False,False,False,False,1,0.211,0,6.3,NORMAL,Normal flight behavior
2026-09-23 10:01:30,B456,13.486519,77.877978,34636.04,446.87,-0.0004819999999998714,0.0019479999999987285,-74.68000000000029,5.389999999999986,0.0020067456241374794,74.68000000000029,5.389999999999986,False,False,False,False,1,0.033,0,1.0,NORMAL,Normal flight behavior
2026-09-23 10:01:40,B456,13.487173,77.879964,34534.73,449.68,0.0006540000000008206,0.0019860000000022637,-101.30999999999767,2.8100000000000023,0.0020909117628465494,101.30999999999767,2.8100000000000023,False,False,False,False,1,0.034,0,1.0,NORMAL,Normal flight behavior
2026-09-23 10:01:50,B456,13.488947,77.881624,34582.17,442.76,0.0017739999999992762,0.001660000000001105,47.43999999999505,-6.920000000000016,0.0024295423437349474,47.43999999999505,6.920000000000016,False,False,False,False,1,0.06,0,1.8,NORMAL,Normal flight behavior
2026-09-23 10:02:00,B456,13.489575,77.884382,34553.86,449.02,0.0006280000000007391,0.002758000000000038,-28.30999999999767,6.259999999999991,0.002828594704089142,28.30999999999767,6.259999999999991,False,False,False,False,1,0.066,0,2.0,NORMAL,Normal flight behavior
2026-09-23 10:02:10,B456,13.490188,77.885683,34606.58,442.86,0.0006129999999995306,0.0013009999999979982,52.720000000001164,-6.159999999999968,0.00143818288127561,52.720000000001164,6.159999999999968,False,False,False,False,1,0.099,0,3.0,NORMAL,Normal flight behavior
2026-09-23 10:02:20,B456,13.490979,77.887521,34730.88,447.14,0.0007909999999995421,0.0018380000000064456,124.29999999999563,4.279999999999973,0.0020009810094108764,124.29999999999563,4.279999999999973,False,False,False,False,1,0.072,0,2.2,NORMAL,Normal flight behavior
2026-09-23 10:02:30,B456,13.49172,77.890086,34606.26,446.12,0.000741000000001435,0.0025649999999899364,-124.61999999999534,-1.0199999999999818,0.0026698887617184544,124.61999999999534,1.0199999999999818,False,False,False,False,1,0.106,0,3.2,NORMAL,Normal flight behavior
2026-09-23 10:02:40,B456,13.493046,77.892303,34581.17,444.7,0.0013259999999988281,0.00221700000000169,-25.090000000003783,-1.420000000000016,0.0025832856984864035,25.090000000003783,1.420000000000016,False,False,False,False,1,0.037,0,1.1,NORMAL,Normal flight behavior
2026-09-23 10:02:50,B456,13.49349,77.893079,34522.09,452.47,0.00044399999999988893,0.0007760000000018863,-59.080000000001746,7.770000000000039,0.0008940425045839984,59.080000000001746,7.770000000000039,False,False,False,False,1,0.235,0,7.0,NORMAL,Normal flight behavior
2026-09-23 10:03:00,B456,13.495058,77.8959,34647.59,448.25,0.00156800000000068,0.002820999999997298,125.5,-4.220000000000027,0.0032274858636385825,125.5,4.220000000000027,False,False,False,False,1,0.141,0,4.2,NORMAL,Normal flight behavior
2026-09-23 10:03:10,B456,13.496432,77.898448,34605.32,443.18,0.0013740000000002084,0.0025480000000044356,-42.2699999999968,-5.069999999999993,0.002894854055047193,42.2699999999968,5.069999999999993,False,False,False,False,1,0.067,0,2.0,NORMAL,Normal flight behavior
2026-09-23 10:03:20,B456,13.495357,77.900081,34567.62,441.31,-0.0010750000000001592,0.0016329999999982192,-37.69999999999709,-1.8700000000000045,0.001955073911644909,37.69999999999709,1.8700000000000045,False,False,False,False,1,0.043,0,1.3,NORMAL,Normal flight behavior
2026-09-23 10:03:30,B456,13.496541,77.901567,34714.23,450.53,0.001184000000000296,0.0014859999999998763,146.61000000000058,9.21999999999997,0.0019000136841613362,146.61000000000058,9.21999999999997,False,False,False,False,1,0.195,0,5.8,NORMAL,Normal flight behavior
2026-09-23 10:03:40,B456,13.497597,77.904592,34617.64,443.55,0.001056000000000168,0.003024999999993838,-96.59000000000378,-6.979999999999961,0.003204022627879378,96.59000000000378,6.979999999999961,False,False,False,False,1,0.124,0,3.7,NORMAL,Normal flight behavior
2026-09-23 10:03:50,B456,13.499009,77.906216,34550.77,446.24,0.0014119999999984145,0.0016240000000067312,-66.87000000000262,2.6899999999999977,0.0021520037174729474,66.87000000000262,2.6899999999999977,False,False,False,False,1,0.034,0,1.0,NORMAL,Normal flight behavior
2026-09-23 10:04:00,B456,13.49885,77.907447,34668.57,454.64,-0.00015900000000002024,0.001231000000004201,117.80000000000291,8.399999999999977,0.001241226006821622,117.80000000000291,8.399999999999977,False,False,False,False,1,0.233,0,7.0,NORMAL,Normal flight behavior
2026-09-23 10:04:10,B456,13.499441,77.910225,34573.96,445.05,0.0005910000000000082,0.0027779999999921756,-94.61000000000058,-9.589999999999975,0.002840169889277143,94.61000000000058,9.589999999999975,False,False,False,False,1,0.121,0,3.6,NORMAL,Normal flight behavior
2026-09-23 10:04:20,B456,13.500563,77.911654,34615.91,443.68,0.0011220000000005115,0.001429000000001679,41.950000000004366,-1.3700000000000045,0.0018168447924921782,41.950000000004366,1.3700000000000045,False,False,False,False,1,0.062,0,1.9,NORMAL,Normal flight behavior
2026-09-23 10:04:30,B456,13.501708,77.91398,34598.66,443.37,0.0011450000000010618,0.0023259999999964975,-17.25,-0.3100000000000023,0.0025925472030391534,17.25,0.3100000000000023,False,False,False,False,1,0.097,0,2.9,NORMAL,Normal flight behavior
2026-09-23 10:04:40,B456,13.502169,77.916302,34643.06,443.09,0.0004609999999996006,0.0023220000000065966,44.39999999999418,-0.28000000000002956,0.0023673202149329664,44.39999999999418,0.28000000000002956,False,False,False,False,1,0.079,0,2.4,NORMAL,Normal flight behavior
2026-09-23 10:04:50,B456,13.50324,77.918301,34512.84,449.17,0.0010709999999996,0.0019989999999978636,-130.22000000000116,6.080000000000041,0.0022678275948560555,130.22000000000116,6.080000000000041,False,False,False,False,1,0.1,0,3.0,NORMAL,Normal flight behavior
2026-09-23 10:05:00,B456,13.503735,77.920228,34567.2,439.78,0.0004950000000008004,0.001926999999994905,54.36000000000058,-9.390000000000043,0.0019895612581625017,54.36000000000058,9.390000000000043,False,False,False,False,1,0.106,0,3.2,NORMAL,Normal flight behavior
2026-09-23 10:05:10,B456,13.504149,77.922019,34628.58,443.38,0.0004139999999992483,0.0017910000000114223,61.38000000000466,3.6000000000000227,0.0018382265910491808,61.38000000000466,3.6000000000000227,False,False,False,False,1,0.041,0,1.2,NORMAL,Normal flight behavior
2026-09-23 10:05:20,B456,13.505855,77.923335,34609.04,442.16,0.0017060000000004294,0.0013159999999885486,-19.540000000000873,-1.2199999999999704,0.002154597874307715,19.540000000000873,1.2199999999999704,False,False,False,False,1,0.067,0,2.0,NORMAL,Normal flight behavior
2026-09-23 10:05:30,B456,13.506139,77.926019,34561.38,445.46,0.00028399999999884074,0.002684000000002129,-47.66000000000349,3.2999999999999545,0.00269898351236364,47.66000000000349,3.2999999999999545,False,False,False,False,1,0.032,0,1.0,NORMAL,Normal flight behavior
2026-09-23 10:05:40,B456,13.507603,77.927769,34663.14,442.48,0.001464000000000354,0.0017500000000012506,101.76000000000204,-2.9799999999999613,0.0022816213533374493,101.76000000000204,2.9799999999999613,False,False,False,False,1,0.054,0,1.6,NORMAL,Normal flight behavior
2026-09-23 10:05:50,B456,13.508212,77.930577,34464.7,443.81,0.0006090000000007478,0.002808000000001698,-198.44000000000233,1.329999999999984,0.002873281225360728,198.44000000000233,1.329999999999984,False,False,False,False,1,0.279,0,8.4,NORMAL,Normal flight behavior
2026-09-23 10:06:00,B456,13.509031,77.931919,34635.27,444.58,0.0008189999999999031,0.0013419999999939591,170.5699999999997,0.7699999999999818,0.0015721720643694277,170.5699999999997,0.7699999999999818,False,False,False,False,1,0.22,0,6.6,NORMAL,Normal flight behavior
2026-09-23 10:06:10,B456,13.509635,77.933938,34683.07,448.02,0.0006039999999991608,0.002019000000004212,47.80000000000291,3.4399999999999977,0.0021074100218078096,47.80000000000291,3.4399999999999977,False,False,False,False,1,0.017,0,0.5,NORMAL,Normal flight behavior
2026-09-23 10:06:20,B456,13.510535,77.935835,34583.74,445.27,0.0009000000000014552,0.0018969999999995935,-99.33000000000175,-2.75,0.0020996687834039626,99.33000000000175,2.75,False,False,False,False,1,0.019,0,0.6,NORMAL,Normal flight behavior
2026-09-23 10:06:30,B456,13.511358,77.937832,34630.39,455.3,0.0008229999999986859,0.001997000000002913,46.650000000001455,10.03000000000003,0.002159939351002586,46.650000000001455,10.03000000000003,False,False,False,False,1,0.136,0,4.1,NORMAL,Normal flight behavior
2026-09-23 10:06:40,B456,13.512348,77.93987,34685.07,445.37,0.0009899999999998244,0.002037999999998874,54.68000000000029,-9.930000000000007,0.002265732552618482,54.68000000000029,9.930000000000007,False,False,False,False,1,0.103,0,3.1,NORMAL,Normal flight behavior
2026-09-23 10:06:50,B456,13.511985,77.941597,34500.75,445.59,-0.00036300000000011323,0.0017270000000024766,-184.3199999999997,0.21999999999997044,0.0017647373742312583,184.3199999999997,0.21999999999997044,False,False,False,False,1,0.267,0,8.0,NORMAL,Normal flight behavior
2026-09-23 10:07:00,B456,13.513607,77.944671,34632.62,446.12,0.0016220000000011225,0.0030739999999980228,131.87000000000262,0.5300000000000296,0.0034756812281898763,131.87000000000262,0.5300000000000296,False,False,False,False,1,0.191,0,5.7,NORMAL,Normal flight behavior
2026-09-23 10:07:10,B456,13.514732,77.945116,34627.14,450.08,0.0011250000000000426,0.00044499999999914053,-5.480000000003201,3.9599999999999795,0.0012098140352960578,5.480000000003201,3.9599999999999795,False,False,False,False,1,0.169,0,5.1,NORMAL,Normal flight behavior
2026-09-23 10:07:20,B456,13.514609,77.948458,34633.31,445.34,-0.0001230000000003173,0.003342000000003509,6.169999999998254,-4.740000000000009,0.0033442626990150656,6.169999999998254,4.740000000000009,False,False,False,False,1,0.141,0,4.2,NORMAL,Normal flight behavior
2026-09-23 10:07:30,B456,13.516253,77.950908,34623.91,447.99,0.001644000000000645,0.0024499999999960664,-9.39999999999418,2.650000000000034,0.0029504636923681753,9.39999999999418,2.650000000000034,False,False,False,False,1,0.077,0,2.3,NORMAL,Normal flight behavior
2026-09-23 10:07:40,B456,13.516616,77.95166,34662.82,443.58,0.00036300000000011323,0.000752000000005637,38.90999999999622,-4.410000000000025,0.0008350287420254229,38.90999999999622,4.410000000000025,False,False,False,False,1,0.187,0,5.6,NORMAL,Normal flight behavior
2026-09-23 10:07:50,B456,13.517629,77.953809,34641.74,448.33,0.0010129999999985984,0.002149000000002843,-21.080000000001746,4.75,0.0023757882902332396,21.080000000001746,4.75,False,False,False,False,1,0.041,0,1.2,NORMAL,Normal flight behavior
2026-09-23 10:08:00,B456,13.518815,77.955796,34596.81,443.08,0.0011860000000005755,0.001986999999999739,-44.93000000000029,-5.25,0.002314036516565875,44.93000000000029,5.25,False,False,False,False,1,0.051,0,1.5,NORMAL,Normal flight behavior
2026-09-23 10:08:10,B456,13.519022,77.958151,34658.42,443.31,0.00020699999999962415,0.002354999999994334,61.61000000000058,0.2300000000000182,0.0023640799478810265,61.61000000000058,0.2300000000000182,False,False,False,False,1,0.089,0,2.7,NORMAL,Normal flight behavior
2026-09-23 10:08:20,B456,13.620348,77.86054200000001,34637.81,454.51,0.10132600000000025,-0.0976089999999914,-20.610000000000582,11.199999999999989,0.14069283975028143,20.610000000000582,11.199999999999989,False,False,False,False,-1,0.801,0,24.0,NORMAL,ML anomaly detected
2026-09-23 10:08:30,B456,13.52049,77.961502,34506.28,452.98,-0.09985799999999934,0.1009599999999864,-131.52999999999884,-1.5299999999999727,0.1420019076068949,131.52999999999884,1.5299999999999727,False,False,False,False,-1,0.749,0,22.5,NORMAL,ML anomaly detected
2026-09-23 10:08:40,B456,13.521862,77.963978,34629.8,442.5,0.0013719999999999288,0.002476000000001477,123.52000000000407,-10.480000000000018,0.0028307172236037847,123.52000000000407,10.480000000000018,False,False,False,False,1,0.198,0,5.9,NORMAL,Normal flight behavior
2026-09-23 10:08:50,B456,13.523378,77.966052,34619.56,449.9,0.0015159999999987406,0.0020740000000074588,-10.240000000005239,7.399999999999977,0.002568994355779537,10.240000000005239,7.399999999999977,False,False,False,False,1,0.065,0,2.0,NORMAL,Normal flight behavior
2026-09-23 10:09:00,B456,13.523392,77.96809,34565.57,448.89,1.4000000000180535e-05,0.002037999999998874,-53.98999999999796,-1.009999999999991,0.0020380480857907684,53.98999999999796,1.009999999999991,False,False,False,False,1,0.063,0,1.9,NORMAL,Normal flight behavior
2026-09-23 10:09:10,B456,13.524753,77.970538,34708.59,444.96,0.0013610000000010558,0.002448000000001116,143.0199999999968,-3.930000000000007,0.0028008971776929507,143.0199999999968,3.930000000000007,False,False,False,False,1,0.132,0,4.0,NORMAL,Normal flight behavior
2026-09-23 10:09:20,B456,13.524404,77.97195,34616.34,451.38,-0.0003489999999999327,0.0014120000000019672,-92.25,6.420000000000016,0.0014544913200172452,92.25,6.420000000000016,False,False,False,False,1,0.097,0,2.9,NORMAL,Normal flight behavior
2026-09-23 10:09:30,B456,13.524923,77.974612,34603.52,445.29,0.000518999999998826,0.0026619999999866195,-12.819999999999709,-6.089999999999975,0.0027121218630304102,12.819999999999709,6.089999999999975,False,False,False,False,1,0.058,0,1.7,NORMAL,Normal flight behavior
2026-09-23 10:09:40,B456,13.525995,77.975338,34662.39,447.29,0.001072000000000628,0.0007260000000002265,58.87000000000262,2.0,0.0012947045995136016,58.87000000000262,2.0,False,False,False,False,1,0.112,0,3.4,NORMAL,Normal flight behavior
2026-09-23 10:09:50,B456,13.526684,77.977482,34592.85,453.68,0.0006889999999994956,0.002144000000001256,-69.54000000000087,6.389999999999986,0.002251989564808126,69.54000000000087,6.389999999999986,False,False,False,False,1,0.064,0,1.9,NORMAL,Normal flight behavior
2026-09-23 10:10:00,B456,13.527896,77.979399,34598.26,445.91,0.001212000000000657,0.0019170000000059417,5.4100000000034925,-7.769999999999982,0.0022680019841314894,5.4100000000034925,7.769999999999982,False,False,False,False,1,0.114,0,3.4,NORMAL,Normal flight behavior
2026-09-23 10:10:10,B456,13.527721,77.981978,34599.14,449.78,-0.00017500000000048033,0.0025789999999972224,0.8799999999973807,3.8699999999999477,0.0025849305599930225,0.8799999999973807,3.8699999999999477,False,False,False,False,1,0.092,0,2.8,NORMAL,Normal flight behavior
2026-09-23 10:10:20,B456,13.53034,77.984451,34596.87,442.57,0.002619000000001037,0.0024730000000090513,-2.2699999999967986,-7.2099999999999795,0.0036020674618960427,2.2699999999967986,7.2099999999999795,False,False,False,False,1,0.229,0,6.9,NORMAL,Normal flight behavior
2026-09-23 10:10:30,B456,13.531429,77.986024,34613.84,446.9,0.0010889999999985633,0.0015729999999933852,16.969999999993888,4.329999999999984,0.001913177984395613,16.969999999993888,4.329999999999984,False,False,False,False,1,0.038,0,1.1,NORMAL,Normal flight behavior
2026-09-23 10:10:40,B456,13.531279,77.987942,34578.58,444.81,-0.0001499999999996504,0.001918000000003417,-35.25999999999476,-2.089999999999975,0.0019238565435117565,35.25999999999476,2.089999999999975,False,False,False,False,1,0.026,0,0.8,NORMAL,Normal flight behavior
2026-09-23 10:10:50,B456,13.531987,77.989783,34570.23,447.43,0.0007080000000012632,0.0018409999999988713,-8.349999999998545,2.6200000000000045,0.0019724464504765732,8.349999999998545,2.6200000000000045,False,False,False,False,1,0.069,0,2.1,NORMAL,Normal flight behavior
2026-09-23 10:11:00,B456,13.532698,77.992602,34453.94,451.37,0.000710999999999018,0.0028190000000023474,-116.29000000000087,3.9399999999999977,0.002907280860187374,116.29000000000087,3.9399999999999977,False,False,False,False,1,0.093,0,2.8,NORMAL,Normal flight behavior
2026-09-23 10:11:10,B456,13.534098,77.993171,34592.44,445.51,0.00140000000000029,0.0005689999999987094,138.5,-5.860000000000014,0.001511211765438366,138.5,5.860000000000014,False,False,False,False,1,0.133,0,4.0,NORMAL,Normal flight behavior
2026-09-23 10:11:20,B456,13.533837,77.995689,34546.37,454.01,-0.00026100000000006673,0.002517999999994913,-46.06999999999971,8.5,0.0025314906675661317,46.06999999999971,8.5,False,False,False,False,1,0.11,0,3.3,NORMAL,Normal flight behavior
2026-09-23 10:11:30,B456,13.535574,77.998509,34656.3,442.48,0.0017370000000003216,0.0028199999999998226,109.93000000000029,-11.529999999999973,0.0033120339672171413,109.93000000000029,11.529999999999973,False,False,False,False,1,0.26,0,7.8,NORMAL,Normal flight behavior
2026-09-23 10:11:40,B456,13.53579,78.000196,34539.67,449.85,0.00021599999999999397,0.0016870000000039909,-116.63000000000466,7.3700000000000045,0.0017007718835909365,116.63000000000466,7.3700000000000045,False,False,False,False,1,0.108,0,3.2,NORMAL,Normal flight behavior
2026-09-23 10:11:50,B456,13.536704,78.00185,34655.66,448.78,0.0009139999999998594,0.0016540000000020427,115.99000000000524,-1.07000000000005,0.0018897386062645012,115.99000000000524,1.07000000000005,False,False,False,False,1,0.104,0,3.1,NORMAL,Normal flight behavior
2026-09-23 10:12:00,B456,13.537456,78.004464,34548.14,449.46,0.000752000000000308,0.002613999999994121,-107.52000000000407,0.6800000000000068,0.002720018382285261,107.52000000000407,0.6800000000000068,False,False,False,False,1,0.1,0,3.0,NORMAL,Normal flight behavior
2026-09-23 10:12:10,B456,13.538637,78.005876,34632.57,442.0,0.0011809999999989884,0.0014120000000019672,84.43000000000029,-7.4599999999999795,0.0018407892329115698,84.43000000000029,7.4599999999999795,False,False,False,False,1,0.09,0,2.7,NORMAL,Normal flight behavior
2026-09-23 10:12:20,B456,13.53957,78.007926,34581.64,451.2,0.0009329999999998506,0.0020499999999969987,-50.93000000000029,9.199999999999989,0.002252329682792334,50.93000000000029,9.199999999999989,False,False,False,False,1,0.072,0,2.2,NORMAL,Normal flight behavior
2026-09-23 10:12:30,B456,13.539718,78.009437,34519.6,449.42,0.00014800000000114721,0.0015110000000078116,-62.04000000000087,-1.7799999999999727,0.0015182308783659837,62.04000000000087,1.7799999999999727,False,False,False,False,1,0.089,0,2.7,NORMAL,Normal flight behavior
2026-09-23 10:12:40,B456,13.539888,78.012702,34488.08,453.79,0.00016999999999889326,0.003264999999998963,-31.5199999999968,4.3700000000000045,0.0032694227319196353,31.5199999999968,4.3700000000000045,False,False,False,False,1,0.148,0,4.4,NORMAL,Normal flight behavior
2026-09-23 10:12:50,B456,13.540884,78.013961,34580.3,448.6,0.000996000000000663,0.0012589999999903512,92.22000000000116,-5.189999999999998,0.0016053339216427918,92.22000000000116,5.189999999999998,False,False,False,False,1,0.07,0,2.1,NORMAL,Normal flight behavior
2026-09-23 10:13:00,B456,13.541185,78.016441,34619.85,447.6,0.0003010000000003288,0.002480000000005589,39.549999999995634,-1.0,0.002498199551682755,39.549999999995634,1.0,False,False,False,False,1,0.056,0,1.7,NORMAL,Normal flight behavior
2026-09-23 10:13:10,B456,13.541455,78.017977,34631.47,440.16,0.0002699999999986602,0.0015360000000015361,11.62000000000262,-7.439999999999998,0.0015595499350787058,11.62000000000262,7.439999999999998,False,False,False,False,1,0.119,0,3.6,NORMAL,Normal flight behavior
2026-09-23 10:13:20,B456,13.541461,78.020297,34623.25,446.26,6.000000000838668e-06,0.0023199999999974352,-8.220000000001164,6.099999999999966,0.0023200077586051538,8.220000000001164,6.099999999999966,False,False,False,False,1,0.075,0,2.2,NORMAL,Normal flight behavior
2026-09-23 10:13:30,B456,13.542407,78.022139,34580.61,443.89,0.0009460000000007796,0.0018419999999963466,-42.63999999999942,-2.3700000000000045,0.0020707196816537035,42.63999999999942,2.3700000000000045,False,False,False,False,1,0.03,0,0.9,NORMAL,Normal flight behavior
2026-09-23 10:13:40,B456,13.542878,78.023609,34637.5,440.19,0.00047099999999922204,0.0014699999999976399,56.88999999999942,-3.6999999999999886,0.001543612969624293,56.88999999999942,3.6999999999999886,False,False,False,False,1,0.062,0,1.9,NORMAL,Normal flight behavior
2026-09-23 10:13:50,B456,13.543612,78.026189,34628.36,450.93,0.0007339999999995683,0.0025800000000089085,-9.139999999999418,10.740000000000009,0.002682378795033493,9.139999999999418,10.740000000000009,False,False,False,False,1,0.176,0,5.3,NORMAL,Normal flight behavior
2026-09-23 10:14:00,B456,13.544266,78.028406,34502.55,441.88,0.0006540000000008206,0.00221700000000169,-125.80999999999767,-9.050000000000011,0.002311450843087208,125.80999999999767,9.050000000000011,False,False,False,False,1,0.175,0,5.2,NORMAL,Normal flight behavior
2026-09-23 10:14:10,B456,13.54375,78.03001,34644.06,444.1,-0.0005160000000010712,0.001604000000000383,141.50999999999476,2.2200000000000273,0.001684954598795568,141.50999999999476,2.2200000000000273,False,False,False,False,1,0.134,0,4.0,NORMAL,Normal flight behavior
2026-09-23 10:14:20,B456,13.544475,78.031698,34576.31,441.37,0.0007250000000009749,0.001688000000001466,-67.75,-2.730000000000018,0.0018371088699384048,67.75,2.730000000000018,False,False,False,False,1,0.052,0,1.6,NORMAL,Normal flight behavior
2026-09-23 10:14:30,B456,13.544431,78.033459,34554.45,451.21,-4.400000000082116e-05,0.001760999999987689,-21.860000000000582,9.839999999999975,0.0017615496019007563,21.860000000000582,9.839999999999975,False,False,False,False,1,0.144,0,4.3,NORMAL,Normal flight behavior
2026-09-23 10:14:40,B456,13.54482,78.037053,34642.6,447.74,0.00038900000000019475,0.0035940000000067585,88.15000000000146,-3.4699999999999704,0.003614990594738627,88.15000000000146,3.4699999999999704,False,False,False,False,1,0.109,0,3.3,NORMAL,Normal flight behavior
2026-09-23 10:14:50,B456,13.545257,78.03828,34578.46,447.49,0.00043699999999979866,0.0012270000000000891,-64.13999999999942,-0.25,0.0013024968330096018,64.13999999999942,0.25,False,False,False,False,1,0.137,0,4.1,NORMAL,Normal flight behavior
2026-09-23 10:15:00,B456,13.547024,78.039962,34681.96,444.19,0.0017670000000009622,0.0016820000000024038,103.5,-3.3000000000000114,0.00243955180310062,103.5,3.3000000000000114,False,False,False,False,1,0.038,0,1.1,NORMAL,Normal flight behavior
2026-09-23 10:15:10,B456,13.546386,78.042708,34575.38,454.25,-0.0006380000000003605,0.0027460000000019136,-106.58000000000175,10.060000000000002,0.002819141713360818,106.58000000000175,10.060000000000002,False,False,False,False,1,0.168,0,5.0,NORMAL,Normal flight behavior
2026-09-23 10:15:20,B456,13.547083,78.043775,34650.94,450.89,0.0006970000000006138,0.0010669999999919355,75.56000000000495,-3.3600000000000136,0.0012744795015941393,75.56000000000495,3.3600000000000136,False,False,False,False,1,0.113,0,3.4,NORMAL,Normal flight behavior
2026-09-23 10:15:30,B456,13.547449,78.045372,34569.37,446.01,0.0003659999999996444,0.0015970000000038453,-81.56999999999971,-4.8799999999999955,0.0016384031860357273,81.56999999999971,4.8799999999999955,False,False,False,False,1,0.053,0,1.6,NORMAL,Normal flight behavior
2026-09-23 10:15:40,B456,13.54757,78.048248,34623.66,441.66,0.00012100000000003774,0.002876000000000545,54.29000000000087,-4.349999999999966,0.0028785442501381045,54.29000000000087,4.349999999999966,False,False,False,False,1,0.069,0,2.1,NORMAL,Normal flight behavior
2026-09-23 10:15:50,B456,13.548152,78.050244,34646.59,451.32,0.0005819999999996384,0.001996000000005438,22.929999999993015,9.659999999999968,0.00207912000616157,22.929999999993015,9.659999999999968,False,False,False,False,1,0.1,0,3.0,NORMAL,Normal flight behavior
2026-09-23 10:16:00,B456,13.548734,78.052184,34608.79,440.36,0.0005819999999996384,0.0019399999999905049,-37.799999999995634,-10.95999999999998,0.002025419462719448,37.799999999995634,10.95999999999998,False,False,False,False,1,0.137,0,4.1,NORMAL,Normal flight behavior
2026-09-23 10:16:10,B456,13.548972,78.054083,34629.29,441.89,0.00023799999999951638,0.0018990000000087548,20.5,1.5299999999999727,0.0019138560552019112,20.5,1.5299999999999727,False,False,False,False,1,0.065,0,2.0,NORMAL,Normal flight behavior
2026-09-23 10:16:20,B456,13.548768,78.056421,34610.63,449.73,-0.00020399999999831664,0.002337999999994622,-18.660000000003492,7.840000000000032,0.0023468830392616856,18.660000000003492,7.840000000000032,False,False,False,False,1,0.058,0,1.7,NORMAL,Normal flight behavior
2026-09-23 10:16:30,B456,13.549611,78.058012,34669.3,444.94,0.0008429999999997051,0.001591000000004783,58.67000000000553,-4.7900000000000205,0.001800536031301435,58.67000000000553,4.7900000000000205,False,False,False,False,1,0.035,0,1.0,NORMAL,Normal flight behavior
2026-09-23 10:00:00,C789,12.899438,77.8602,35329.45,438.11,0.0,0.0,0.0,0.0,0.0,0.0,0.0,False,False,False,False,-1,0.375,0,11.2,NORMAL,Normal flight behavior
2026-09-23 10:00:10,C789,12.899096,77.862054,35416.75,425.28,-0.00034199999999984243,0.0018539999999944712,87.30000000000291,-12.830000000000041,0.0018852798200743016,87.30000000000291,12.830000000000041,False,False,False,False,1,0.26,0,7.8,NORMAL,Normal flight behavior
2026-09-23 10:00:20,C789,12.89814,77.864417,35444.07,434.13,-0.000956000000000401,0.0023630000000025575,27.31999999999971,8.850000000000023,0.0025490596305329646,27.31999999999971,8.850000000000023,False,False,False,False,1,0.107,0,3.2,NORMAL,Normal flight behavior
2026-09-23 10:00:30,C789,12.89706,77.866234,35434.8,433.19,-0.0010799999999999699,0.001817000000002622,-9.269999999996799,-0.9399999999999977,0.002113738157863803,9.269999999996799,0.9399999999999977,False,False,False,False,1,0.095,0,2.8,NORMAL,Normal flight behavior
2026-09-23 10:00:40,C789,12.897289,77.867727,35361.41,423.06,0.0002290000000009229,0.0014929999999964139,-73.38999999999942,-10.129999999999995,0.0015104601947716844,73.38999999999942,10.129999999999995,False,False,False,False,1,0.271,0,8.1,NORMAL,Normal flight behavior
2026-09-23 10:00:50,C789,12.896368,77.870126,35291.09,425.97,-0.0009209999999999496,0.0023989999999969314,-70.32000000000698,2.910000000000025,0.0025697163267538277,70.32000000000698,2.910000000000025,False,False,False,False,1,0.116,0,3.5,NORMAL,Normal flight behavior
2026-09-23 10:01:00,C789,12.894851,77.872317,35373.98,429.78,-0.0015170000000015449,0.0021909999999962793,82.8900000000067,3.8099999999999454,0.0026649146327768895,82.8900000000067,3.8099999999999454,False,False,False,False,1,0.046,0,1.4,NORMAL,Normal flight behavior
2026-09-23 10:01:10,C789,12.893998,77.87358,35275.98,428.17,-0.0008529999999993265,0.0012630000000086739,-98.0,-1.6099999999999568,0.0015240662715317735,98.0,1.6099999999999568,False,False,False,False,1,0.15,0,4.5,NORMAL,Normal flight behavior
2026-09-23 10:01:20,C789,12.893172,77.876273,35382.06,429.7,-0.0008259999999999934,0.002692999999993617,106.07999999999447,1.5299999999999727,0.002816828890785809,106.07999999999447,1.5299999999999727,False,False,False,False,1,0.089,0,2.7,NORMAL,Normal flight behavior
2026-09-23 10:01:30,C789,12.893724,77.877734,35462.03,439.48,0.0005520000000007741,0.0014610000000061518,79.97000000000116,9.78000000000003,0.0015618018440310634,79.97000000000116,9.78000000000003,False,False,False,False,1,0.12,0,3.6,NORMAL,Normal flight behavior
2026-09-23 10:01:40,C789,12.891372,77.88003,35360.95,430.6,-0.0023520000000001318,0.002296000000001186,-101.08000000000175,-8.879999999999995,0.003286870852346661,101.08000000000175,8.879999999999995,False,False,False,False,1,0.175,0,5.2,NORMAL,Normal flight behavior
2026-09-23 10:01:50,C789,12.891422,77.881751,35362.24,432.33,4.999999999988347e-05,0.0017209999999892034,1.2900000000008731,1.7299999999999613,0.0017217261686931597,1.2900000000008731,1.7299999999999613,False,False,False,False,1,0.11,0,3.3,NORMAL,Normal flight behavior
2026-09-23 10:02:00,C789,12.890251,77.883531,35439.75,437.19,-0.0011710000000011433,0.001780000000010773,77.51000000000204,4.860000000000014,0.002130643330086251,77.51000000000204,4.860000000000014,False,False,False,False,1,0.023,0,0.7,NORMAL,Normal flight behavior
2026-09-23 10:02:10,C789,12.889737,77.885849,35349.69,430.19,-0.0005139999999990152,0.002317999999988274,-90.05999999999767,-7.0,0.0023743041085641545,90.05999999999767,7.0,False,False,False,False,1,0.066,0,2.0,NORMAL,Normal flight behavior
2026-09-23 10:02:20,C789,12.889743,77.888375,35341.59,433.66,5.999999999062311e-06,0.002526000000003137,-8.10000000000582,3.4700000000000273,0.0025260071258838197,8.10000000000582,3.4700000000000273,False,False,False,False,1,0.055,0,1.6,NORMAL,Normal flight behavior
2026-09-23 10:02:30,C789,12.887855,77.890234,35424.61,437.33,-0.0018879999999992236,0.001859000000010269,83.02000000000407,3.669999999999959,0.0026496084616477295,83.02000000000407,3.669999999999959,False,False,False,False,1,0.03,0,0.9,NORMAL,Normal flight behavior
2026-09-23 10:02:40,C789,12.88686,77.892042,35287.09,427.97,-0.000994999999999635,0.0018079999999969232,-137.52000000000407,-9.359999999999957,0.002063707585872608,137.52000000000407,9.359999999999957,False,False,False,False,1,0.194,0,5.8,NORMAL,Normal flight behavior
2026-09-23 10:02:50,C789,12.886754,77.89362,35341.55,432.97,-0.00010600000000060561,0.0015779999999949723,54.4600000000064,5.0,0.0015815561956453717,54.4600000000064,5.0,False,False,False,False,1,0.049,0,1.5,NORMAL,Normal flight behavior
2026-09-23 10:03:00,C789,12.885878,77.895576,35183.15,429.52,-0.0008759999999998769,0.001956000000006952,-158.40000000000146,-3.4500000000000455,0.0021432013437908677,158.40000000000146,3.4500000000000455,False,False,False,False,1,0.206,0,6.2,NORMAL,Normal flight behavior
2026-09-23 10:03:10,C789,12.885282,77.898137,35471.43,428.47,-0.0005959999999998189,0.0025610000000000355,288.27999999999884,-1.0499999999999545,0.002629436631676064,288.27999999999884,1.0499999999999545,False,False,False,False,-1,0.375,0,11.2,NORMAL,Normal flight behavior
2026-09-23 10:03:20,C789,12.883344,77.900185,35406.4,434.22,-0.0019380000000008835,0.0020479999999878373,-65.02999999999884,5.75,0.002819600680939343,65.02999999999884,5.75,False,False,False,False,1,0.043,0,1.3,NORMAL,Normal flight behavior
2026-09-23 10:03:30,C789,12.883573,77.902169,35416.34,435.86,0.0002290000000009229,0.0019840000000073132,9.939999999995052,1.6399999999999864,0.001997172250966211,9.939999999995052,1.6399999999999864,False,False,False,False,1,0.033,0,1.0,NORMAL,Normal flight behavior
2026-09-23 10:03:40,C789,12.882601,77.904343,35452.51,439.13,-0.0009720000000008611,0.0021739999999965676,36.17000000000553,3.269999999999982,0.0023813987486321457,36.17000000000553,3.269999999999982,False,False,False,False,1,0.022,0,0.7,NORMAL,Normal flight behavior
2026-09-23 10:03:50,C789,12.88134,77.906192,35369.78,429.67,-0.0012609999999995125,0.001849000000007095,-82.7300000000032,-9.45999999999998,0.0022380621081697014,82.7300000000032,9.45999999999998,False,False,False,False,1,0.089,0,2.7,NORMAL,Normal flight behavior
2026-09-23 10:04:00,C789,12.880524,77.908198,35417.1,434.6,-0.000816000000000372,0.002005999999994401,47.31999999999971,4.930000000000007,0.0021656158477389624,47.31999999999971,4.930000000000007,False,False,False,False,1,0.0,0,0.0,NORMAL,Normal flight behavior
2026-09-23 10:04:10,C789,12.87991,77.910001,35441.07,427.04,-0.0006139999999987822,0.0018029999999953361,23.970000000001164,-7.560000000000002,0.0019046797631049916,23.970000000001164,7.560000000000002,False,False,False,False,1,0.142,0,4.3,NORMAL,Normal flight behavior
2026-09-23 10:04:20,C789,12.87961,77.912036,35437.2,427.6,-0.0003000000000010772,0.0020350000000064483,-3.8700000000026193,0.5600000000000023,0.00205699416625981,3.8700000000026193,0.5600000000000023,False,False,False,False,1,0.19,0,5.7,NORMAL,Normal flight behavior
2026-09-23 10:04:30,C789,12.879798,77.914085,35407.99,431.39,0.0001879999999996329,0.0020489999999995234,-29.209999999999127,3.7899999999999636,0.0020576066193512084,29.209999999999127,3.7899999999999636,False,False,False,False,1,0.003,0,0.1,NORMAL,Normal flight behavior
2026-09-23 10:04:40,C789,12.879015,77.916019,35464.54,427.23,-0.0007829999999984238,0.0019340000000056534,56.55000000000291,-4.159999999999968,0.0020864910735537306,56.55000000000291,4.159999999999968,False,False,False,False,1,0.085,0,2.6,NORMAL,Normal flight behavior
2026-09-23 10:04:50,C789,12.87847,77.918163,35380.82,431.38,-0.0005450000000006838,0.002144000000001256,-83.72000000000116,4.149999999999977,0.002212184666795729,83.72000000000116,4.149999999999977,False,False,False,False,1,0.021,0,0.6,NORMAL,Normal flight behavior
2026-09-23 10:05:00,C789,12.877855,77.92007,35283.4,436.86,-0.0006149999999998101,0.0019069999999885567,-97.41999999999825,5.480000000000018,0.0020037150495906654,97.41999999999825,5.480000000000018,False,False,False,False,1,0.045,0,1.3,NORMAL,Normal flight behavior
2026-09-23 10:05:10,C789,12.877408,77.922051,35414.03,430.9,-0.0004469999999994201,0.0019810000000006767,130.62999999999738,-5.960000000000036,0.00203080525900495,130.62999999999738,5.960000000000036,False,False,False,False,1,0.076,0,2.3,NORMAL,Normal flight behavior
2026-09-23 10:05:20,C789,12.877148,77.923186,35435.93,437.32,-0.00026000000000081513,0.0011350000000049931,21.900000000001455,6.420000000000016,0.0011643989866071502,21.900000000001455,6.420000000000016,False,False,False,False,1,0.147,0,4.4,NORMAL,Normal flight behavior
2026-09-23 10:05:30,C789,12.87612,77.925837,35318.21,432.29,-0.0010279999999998068,0.002651000000000181,-117.72000000000116,-5.029999999999973,0.0028433404650165554,117.72000000000116,5.029999999999973,False,False,False,False,1,0.092,0,2.8,NORMAL,Normal flight behavior
2026-09-23 10:05:40,C789,12.876659,77.928395,35459.31,438.24,0.0005389999999998452,0.002557999999993399,141.09999999999854,5.949999999999989,0.0026141700403696125,141.09999999999854,5.949999999999989,False,False,False,False,1,0.112,0,3.4,NORMAL,Normal flight behavior
2026-09-23 10:05:50,C789,12.875911,77.929541,35385.12,435.53,-0.0007479999999997489,0.0011460000000056425,-74.18999999999505,-2.7100000000000364,0.0013685101388051743,74.18999999999505,2.7100000000000364,False,False,False,False,1,0.058,0,1.7,NORMAL,Normal flight behavior
2026-09-23 10:06:00,C789,12.875109,77.932664,35445.87,432.17,-0.0008020000000001914,0.0031230000000022073,60.75,-3.359999999999957,0.0032243345049814687,60.75,3.359999999999957,False,False,False,False,1,0.124,0,3.7,NORMAL,Normal flight behavior
2026-09-23 10:06:10,C789,12.874916,77.933732,35396.45,432.08,-0.00019299999999944362,0.0010680000000036216,-49.42000000000553,-0.09000000000003183,0.0010852985764330113,49.42000000000553,0.09000000000003183,False,False,False,False,1,0.2,0,6.0,NORMAL,Normal flight behavior
2026-09-23 10:06:20,C789,12.87518,77.935863,35422.33,432.88,0.0002639999999995979,0.0021309999999914453,25.880000000004657,0.8000000000000114,0.002147290618422045,25.880000000004657,0.8000000000000114,False,False,False,False,1,0.06,0,1.8,NORMAL,Normal flight behavior
2026-09-23 10:06:30,C789,12.874508,77.937908,35434.46,435.89,-0.0006719999999997839,0.0020449999999954116,12.12999999999738,3.009999999999991,0.0021525819380411385,12.12999999999738,3.009999999999991,False,False,False,False,1,0.029,0,0.9,NORMAL,Normal flight behavior
2026-09-23 10:06:40,C789,12.874184,77.940243,35335.34,434.29,-0.00032400000000087914,0.0023350000000021964,-99.12000000000262,-1.599999999999966,0.002357371629593185,99.12000000000262,1.599999999999966,False,False,False,False,1,0.031,0,0.9,NORMAL,Normal flight behavior
2026-09-23 10:06:50,C789,12.8741,77.942197,35330.16,432.8,-8.399999999930685e-05,0.001953999999997791,-5.179999999993015,-1.490000000000009,0.001955804693723596,5.179999999993015,1.490000000000009,False,False,False,False,1,0.074,0,2.2,NORMAL,Normal flight behavior
2026-09-23 10:07:00,C789,12.87335,77.943697,35310.5,431.74,-0.0007500000000000284,0.0015000000000071623,-19.660000000003492,-1.0600000000000023,0.001677050983131261,19.660000000003492,1.0600000000000023,False,False,False,False,1,0.108,0,3.2,NORMAL,Normal flight behavior
2026-09-23 10:07:10,C789,12.872504,77.945994,35296.52,435.26,-0.0008460000000010126,0.0022969999999986612,-13.980000000003201,3.519999999999982,0.0024478408853509173,13.980000000003201,3.519999999999982,False,False,False,False,1,0.032,0,1.0,NORMAL,Normal flight behavior
2026-09-23 10:07:20,C789,12.872146,77.948398,35375.39,432.9,-0.00035799999999852616,0.0024039999999985184,78.87000000000262,-2.3600000000000136,0.0024305102344964157,78.87000000000262,2.3600000000000136,False,False,False,False,1,0.009,0,0.3,NORMAL,Normal flight behavior
2026-09-23 10:07:30,C789,12.871931,77.949725,35540.34,431.02,-0.00021500000000074238,0.0013270000000034088,164.9499999999971,-1.8799999999999955,0.0013443042810351257,164.9499999999971,1.8799999999999955,False,False,False,False,1,0.274,0,8.2,NORMAL,Normal flight behavior
2026-09-23 10:07:40,C789,12.872009,77.951563,35414.33,434.92,7.800000000024454e-05,0.0018379999999922347,-126.00999999999476,3.900000000000034,0.0018396543153460906,126.00999999999476,3.900000000000034,False,False,False,False,1,0.052,0,1.6,NORMAL,Normal flight behavior
2026-09-23 10:07:50,C789,12.87119,77.953772,35376.2,431.39,-0.0008189999999999031,0.002209000000007677,-38.13000000000466,-3.5300000000000296,0.002355937605293009,38.13000000000466,3.5300000000000296,False,False,False,False,1,0.004,0,0.1,NORMAL,Normal flight behavior
2026-09-23 10:08:00,C789,12.871761,77.955991,35423.49,440.13,0.000570999999998989,0.0022189999999966403,47.29000000000087,8.740000000000009,0.002291288283910153,47.29000000000087,8.740000000000009,False,False,False,False,1,0.064,0,1.9,NORMAL,Normal flight behavior
2026-09-23 10:08:10,C789,12.870049,77.958015,35375.85,432.66,-0.0017119999999994917,0.002024000000005799,-47.63999999999942,-7.46999999999997,0.0026509470006059596,47.63999999999942,7.46999999999997,False,False,False,False,1,0.048,0,1.4,NORMAL,Normal flight behavior
2026-09-23 10:08:20,C789,12.869928,77.959707,35403.72,1200.0,-0.00012100000000003774,0.001691999999991367,27.87000000000262,767.3399999999999,0.0016963210191384163,27.87000000000262,767.3399999999999,True,False,False,False,-1,1.0,1,100.0,HIGH,unrealistic speed + ML anomaly detected
2026-09-23 10:08:30,C789,12.869996,77.962249,35362.39,431.22,6.800000000062312e-05,0.0025420000000053733,-41.330000000001746,-768.78,0.0025429093574147314,41.330000000001746,768.78,False,False,False,False,-1,0.715,0,21.4,NORMAL,ML anomaly detected
2026-09-23 10:08:40,C789,12.86931,77.963681,35500.72,434.43,-0.0006859999999999644,0.0014319999999941047,138.33000000000175,3.2099999999999795,0.001587835004017441,138.33000000000175,3.2099999999999795,False,False,False,False,1,0.146,0,4.4,NORMAL,Normal flight behavior
2026-09-23 10:08:50,C789,12.868957,77.966273,35357.23,437.36,-0.0003530000000004918,0.002592000000007033,-143.48999999999796,2.930000000000007,0.0026159267956188696,143.48999999999796,2.930000000000007,False,False,False,False,1,0.086,0,2.6,NORMAL,Normal flight behavior
2026-09-23 10:09:00,C789,12.868446,77.96838,35380.12,438.27,-0.0005109999999994841,0.002106999999995196,22.889999999999418,0.9099999999999682,0.0021680797955746993,22.889999999999418,0.9099999999999682,False,False,False,False,1,0.064,0,1.9,NORMAL,Normal flight behavior
2026-09-23 10:09:10,C789,12.868161,77.970873,35369.83,433.82,-0.0002849999999998687,0.0024930000000011887,-10.290000000000873,-4.449999999999989,0.0025092377328594937,10.290000000000873,4.449999999999989,False,False,False,False,1,0.041,0,1.2,NORMAL,Normal flight behavior
2026-09-23 10:09:20,C789,12.867187,77.971788,35429.12,437.52,-0.0009740000000011406,0.0009150000000062164,59.29000000000087,3.6999999999999886,0.001336376069829746,59.29000000000087,3.6999999999999886,False,False,False,False,1,0.076,0,2.3,NORMAL,Normal flight behavior
2026-09-23 10:09:30,C789,12.868386,77.973961,35336.01,436.01,0.001198999999999728,0.0021729999999990923,-93.11000000000058,-1.509999999999991,0.002481840043192833,93.11000000000058,1.509999999999991,False,False,False,False,1,0.048,0,1.4,NORMAL,Normal flight behavior
2026-09-23 10:09:40,C789,12.866349,77.976226,35361.86,433.85,-0.0020369999999996224,0.0022649999999941883,25.849999999998545,-2.159999999999968,0.003046242603597444,25.849999999998545,2.159999999999968,False,False,False,False,1,0.08,0,2.4,NORMAL,Normal flight behavior
2026-09-23 10:09:50,C789,12.866836,77.977956,35447.97,436.49,0.00048699999999968213,0.0017300000000091131,86.11000000000058,2.6399999999999864,0.0017972392717808116,86.11000000000058,2.6399999999999864,False,False,False,False,1,0.046,0,1.4,NORMAL,Normal flight behavior
2026-09-23 10:10:00,C789,12.865254,77.979639,35298.29,441.01,-0.0015819999999990841,0.001682999999999879,-149.6800000000003,4.519999999999982,0.002309808000678129,149.6800000000003,4.519999999999982,False,False,False,False,1,0.105,0,3.2,NORMAL,Normal flight behavior
2026-09-23 10:10:10,C789,12.865558,77.982712,35294.02,430.71,0.00030399999999985994,0.0030730000000005475,-4.2700000000040745,-10.300000000000011,0.003088000161917625,4.2700000000040745,10.300000000000011,False,False,False,False,1,0.219,0,6.6,NORMAL,Normal flight behavior
2026-09-23 10:10:20,C789,12.86552,77.984072,35423.97,427.98,-3.799999999998249e-05,0.001359999999991146,129.95000000000437,-2.7299999999999613,0.0013605307787683144,129.95000000000437,2.7299999999999613,False,False,False,False,1,0.161,0,4.8,NORMAL,Normal flight behavior
2026-09-23 10:10:30,C789,12.865351,77.986311,35416.1,430.26,-0.00016899999999964166,0.0022390000000029886,-7.870000000002619,2.2799999999999727,0.002245369011991851,7.870000000002619,2.2799999999999727,False,False,False,False,1,0.067,0,2.0,NORMAL,Normal flight behavior
2026-09-23 10:10:40,C789,12.86453,77.987883,35292.97,432.8,-0.0008210000000001827,0.00157199999999591,-123.12999999999738,2.5400000000000205,0.0017734782208945902,123.12999999999738,2.5400000000000205,False,False,False,False,1,0.072,0,2.2,NORMAL,Normal flight behavior
2026-09-23 10:10:50,C789,12.863937,77.990425,35257.93,433.94,-0.0005930000000002877,0.0025420000000053733,-35.04000000000087,1.1399999999999864,0.0026102515204530882,35.04000000000087,1.1399999999999864,False,False,False,False,1,0.07,0,2.1,NORMAL,Normal flight behavior
2026-09-23 10:11:00,C789,12.863138,77.992128,35414.46,432.65,-0.0007990000000006603,0.0017029999999920165,156.52999999999884,-1.2900000000000205,0.0018811193476156326,156.52999999999884,1.2900000000000205,False,False,False,False,1,0.124,0,3.7,NORMAL,Normal flight behavior
2026-09-23 10:11:10,C789,12.863523,77.993502,35458.46,430.17,0.000385000000001412,0.0013740000000126429,44.0,-2.4799999999999613,0.0014269201098995802,44.0,2.4799999999999613,False,False,False,False,1,0.086,0,2.6,NORMAL,Normal flight behavior
2026-09-23 10:11:20,C789,12.862178,77.995891,35266.29,434.02,-0.0013450000000005957,0.0023889999999937572,-192.16999999999825,3.849999999999966,0.002741595520854923,192.16999999999825,3.849999999999966,False,False,False,False,1,0.242,0,7.3,NORMAL,Normal flight behavior
2026-09-23 10:11:30,C789,12.862296,77.998493,35430.94,427.43,0.00011800000000050659,0.0026019999999959964,164.65000000000146,-6.589999999999975,0.0026046742598603927,164.65000000000146,6.589999999999975,False,False,False,False,1,0.223,0,6.7,NORMAL,Normal flight behavior
2026-09-23 10:11:40,C789,12.861665,78.000208,35442.82,437.89,-0.0006310000000002702,0.001715000000004352,11.87999999999738,10.45999999999998,0.0018273986976068655,11.87999999999738,10.45999999999998,False,False,False,False,1,0.15,0,4.5,NORMAL,Normal flight behavior
2026-09-23 10:11:50,C789,12.862086,78.001964,35413.76,438.19,0.00042099999999933857,0.0017560000000003129,-29.05999999999767,0.30000000000001137,0.0018057621659566749,29.05999999999767,0.30000000000001137,False,False,False,False,1,0.083,0,2.5,NORMAL,Normal flight behavior
2026-09-23 10:12:00,C789,12.861079,78.004152,35372.39,430.8,-0.001006999999999536,0.0021880000000038535,-41.37000000000262,-7.389999999999986,0.0024086081042826225,41.37000000000262,7.389999999999986,False,False,False,False,1,0.047,0,1.4,NORMAL,Normal flight behavior
2026-09-23 10:12:10,C789,12.860819,78.005725,35384.15,428.86,-0.00026000000000081513,0.0015729999999933852,11.760000000002037,-1.9399999999999977,0.0015943428113111729,11.760000000002037,1.9399999999999977,False,False,False,False,1,0.094,0,2.8,NORMAL,Normal flight behavior
2026-09-23 10:12:20,C789,12.860324,78.008179,35356.67,433.04,-0.000494999999999024,0.0024540000000001783,-27.4800000000032,4.180000000000007,0.002503425852706628,27.4800000000032,4.180000000000007,False,False,False,False,1,0.019,0,0.6,NORMAL,Normal flight behavior
2026-09-23 10:12:30,C789,12.860056,78.010181,35383.99,437.34,-0.000268000000000157,0.0020020000000045,27.31999999999971,4.2999999999999545,0.002019858410883818,27.31999999999971,4.2999999999999545,False,False,False,False,1,0.018,0,0.5,NORMAL,Normal flight behavior
2026-09-23 10:12:40,C789,12.85876,78.013175,35339.73,434.61,-0.0012959999999999638,0.0029940000000010514,-44.25999999999476,-2.7299999999999613,0.0032624610342510147,44.25999999999476,2.7299999999999613,False,False,False,False,1,0.085,0,2.6,NORMAL,Normal flight behavior
2026-09-23 10:12:50,C789,12.858825,78.014258,35408.59,430.4,6.49999999993156e-05,0.001082999999994172,68.8599999999933,-4.210000000000036,0.0010849488467145755,68.8599999999933,4.210000000000036,False,False,False,False,1,0.144,0,4.3,NORMAL,Normal flight behavior
2026-09-23 10:13:00,C789,12.859229,78.015934,35424.83,429.33,0.0004039999999996269,0.0016760000000033415,16.24000000000524,-1.0699999999999932,0.0017240046403681456,16.24000000000524,1.0699999999999932,False,False,False,False,1,0.131,0,3.9,NORMAL,Normal flight behavior
2026-09-23 10:13:10,C789,12.858388,78.018801,35449.78,434.23,-0.0008409999999994255,0.002866999999994846,24.94999999999709,4.900000000000034,0.0029878035410598,24.94999999999709,4.900000000000034,False,False,False,False,1,0.084,0,2.5,NORMAL,Normal flight behavior
2026-09-23 10:13:20,C789,12.85782,78.020027,35403.85,434.8,-0.0005679999999994578,0.0012260000000026139,-45.93000000000029,0.5699999999999932,0.0013511846653976626,45.93000000000029,0.5699999999999932,False,False,False,False,1,0.101,0,3.0,NORMAL,Normal flight behavior
2026-09-23 10:13:30,C789,12.857169,78.022267,35326.62,439.52,-0.0006509999999995131,0.002240000000000464,-77.22999999999593,4.71999999999997,0.0023326810755012017,77.22999999999593,4.71999999999997,False,False,False,False,1,0.018,0,0.5,NORMAL,Normal flight behavior
2026-09-23 10:13:40,C789,12.856891,78.024119,35452.31,431.99,-0.0002780000000015548,0.0018519999999995207,125.68999999999505,-7.529999999999973,0.00187274878187094,125.68999999999505,7.529999999999973,False,False,False,False,1,0.13,0,3.9,NORMAL,Normal flight behavior
2026-09-23 10:13:50,C789,12.856936,78.026574,35425.86,434.42,4.500000000007276e-05,0.0024549999999976535,-26.44999999999709,2.430000000000007,0.002455412388986519,26.44999999999709,2.430000000000007,False,False,False,False,1,0.03,0,0.9,NORMAL,Normal flight behavior
2026-09-23 10:14:00,C789,12.855726,78.027627,35454.82,435.28,-0.001209999999998601,0.0010529999999988604,28.959999999999127,0.8599999999999568,0.0016040289897611623,28.959999999999127,0.8599999999999568,False,False,False,False,1,0.105,0,3.2,NORMAL,Normal flight behavior
2026-09-23 10:14:10,C789,12.856289,78.030254,35469.39,431.95,0.0005629999999996471,0.0026270000000039317,14.569999999999709,-3.329999999999984,0.0026866518196484376,14.569999999999709,3.329999999999984,False,False,False,False,1,0.062,0,1.9,NORMAL,Normal flight behavior
2026-09-23 10:14:20,C789,12.855648,78.031589,35315.32,426.43,-0.0006409999999998917,0.0013349999999974216,-154.0699999999997,-5.519999999999982,0.0014809139070158593,154.0699999999997,5.519999999999982,False,False,False,False,1,0.236,0,7.1,NORMAL,Normal flight behavior
2026-09-23 10:14:30,C789,12.854846,78.034621,35298.84,431.79,-0.0008020000000001914,0.0030320000000045866,-16.4800000000032,5.360000000000014,0.0031362761358063036,16.4800000000032,5.360000000000014,False,False,False,False,1,0.126,0,3.8,NORMAL,Normal flight behavior
2026-09-23 10:14:40,C789,12.854283,78.03576,35402.18,430.2,-0.0005629999999996471,0.001138999999994894,103.34000000000378,-1.5900000000000318,0.001270547126236556,103.34000000000378,1.5900000000000318,False,False,False,False,1,0.122,0,3.7,NORMAL,Normal flight behavior
2026-09-23 10:14:50,C789,12.854836,78.038614,35257.05,430.27,0.0005530000000000257,0.002853999999999246,-145.12999999999738,0.06999999999999318,0.002907081870191434,145.12999999999738,0.06999999999999318,False,False,False,False,1,0.249,0,7.5,NORMAL,Normal flight behavior
2026-09-23 10:15:00,C789,12.854024,78.04045,35364.75,432.92,-0.0008119999999998129,0.001836000000011495,107.69999999999709,2.650000000000034,0.0020075457653667343,107.69999999999709,2.650000000000034,False,False,False,False,1,0.032,0,1.0,NORMAL,Normal flight behavior
2026-09-23 10:15:10,C789,12.853137,78.041387,35478.72,425.7,-0.0008870000000005263,0.0009369999999933043,113.97000000000116,-7.220000000000027,0.0012902472631198974,113.97000000000116,7.220000000000027,False,False,False,False,1,0.267,0,8.0,NORMAL,Normal flight behavior
2026-09-23 10:15:20,C789,12.854131,78.04429,35432.8,435.3,0.0009940000000003835,0.0029030000000034306,-45.919999999998254,9.600000000000023,0.003068459711324345,45.919999999998254,9.600000000000023,False,False,False,False,1,0.13,0,3.9,NORMAL,Normal flight behavior
2026-09-23 10:15:30,C789,12.852699,78.046157,35380.67,435.21,-0.00143200000000121,0.001866999999990071,-52.13000000000466,-0.09000000000003183,0.002352937100724622,52.13000000000466,0.09000000000003183,False,False,False,False,1,0.068,0,2.0,NORMAL,Normal flight behavior
2026-09-23 10:15:40,C789,12.852387,78.04762,35339.77,429.06,-0.0003119999999992018,0.0014630000000011023,-40.900000000001455,-6.149999999999977,0.0014958987265195217,40.900000000001455,6.149999999999977,False,False,False,False,1,0.091,0,2.7,NORMAL,Normal flight behavior
2026-09-23 10:15:50,C789,12.852388,78.049753,35277.27,434.59,9.999999992515995e-07,0.0021330000000006066,-62.5,5.529999999999973,0.0021330002344122205,62.5,5.529999999999973,False,False,False,False,1,0.036,0,1.1,NORMAL,Normal flight behavior
2026-09-23 10:16:00,C789,12.852206,78.052309,35355.8,426.65,-0.00018199999999879424,0.0025559999999984484,78.53000000000611,-7.939999999999998,0.002562471463254104,78.53000000000611,7.939999999999998,False,False,False,False,1,0.141,0,4.2,NORMAL,Normal flight behavior
2026-09-23 10:16:10,C789,12.851146,78.053936,35333.85,435.2,-0.001060000000000727,0.001626999999999157,-21.950000000004366,8.550000000000011,0.0019418365018710503,21.950000000004366,8.550000000000011,False,False,False,False,1,0.057,0,1.7,NORMAL,Normal flight behavior
2026-09-23 10:16:20,C789,12.851539,78.056089,35401.63,429.25,0.00039300000000075386,0.002153000000006955,67.77999999999884,-5.949999999999989,0.002188574421862446,67.77999999999884,5.949999999999989,False,False,False,False,1,0.058,0,1.7,NORMAL,Normal flight behavior
2026-09-23 10:16:30,C789,12.850959,78.05797,35357.26,433.25,-0.0005800000000011352,0.001880999999997357,-44.36999999999534,4.0,0.001968390459230936,44.36999999999534,4.0,False,False,False,False,1,0.003,0,0.1,NORMAL,Normal flight behavior
2026-09-23 10:00:00,D321,12.900049,77.380217,35483.93,466.16,0.0,0.0,0.0,0.0,0.0,0.0,0.0,False,False,False,False,1,0.342,0,10.3,NORMAL,Normal flight behavior
2026-09-23 10:00:10,D321,12.898919,77.381735,35396.84,473.0,-0.0011299999999998533,0.0015180000000043492,-87.09000000000378,6.839999999999975,0.0018924122172541775,87.09000000000378,6.839999999999975,False,False,False,False,1,0.118,0,3.5,NORMAL,Normal flight behavior
2026-09-23 10:00:20,D321,12.897902,77.383723,35437.9,469.58,-0.0010169999999991575,0.0019879999999972142,41.06000000000495,-3.420000000000016,0.0022330322433827977,41.06000000000495,3.420000000000016,False,False,False,False,1,0.031,0,0.9,NORMAL,Normal flight behavior
2026-09-23 10:00:30,D321,12.897482,77.386499,35440.59,467.12,-0.00042000000000008697,0.002775999999997225,2.6899999999950523,-2.4599999999999795,0.002807592563030588,2.6899999999950523,2.4599999999999795,False,False,False,False,1,0.107,0,3.2,NORMAL,Normal flight behavior
2026-09-23 10:00:40,D321,12.896466,77.388858,35409.74,467.24,-0.0010159999999999059,0.0023589999999984457,-30.849999999998545,0.12000000000000455,0.002568489244671364,30.849999999998545,0.12000000000000455,False,False,False,False,1,0.079,0,2.4,NORMAL,Normal flight behavior
2026-09-23 10:00:50,D321,12.896254,77.390166,35469.88,465.48,-0.00021199999999943486,0.0013079999999945358,60.13999999999942,-1.759999999999991,0.0013250690547988305,60.13999999999942,1.759999999999991,False,False,False,False,1,0.097,0,2.9,NORMAL,Normal flight behavior
2026-09-23 10:01:00,D321,12.895218,77.391941,35538.83,474.84,-0.001036000000000925,0.001775000000009186,68.95000000000437,9.359999999999957,0.002055217993312273,68.95000000000437,9.359999999999957,False,False,False,False,1,0.176,0,5.3,NORMAL,Normal flight behavior
2026-09-23 10:01:10,D321,12.894177,77.393452,35475.7,476.32,-0.0010409999999989594,0.0015109999999936008,-63.13000000000466,1.4800000000000182,0.0018348847375185436,63.13000000000466,1.4800000000000182,False,False,False,False,1,0.183,0,5.5,NORMAL,Normal flight behavior
2026-09-23 10:01:20,D321,12.893279,77.396656,35581.66,463.79,-0.0008980000000011756,0.003203999999996654,105.9600000000064,-12.529999999999973,0.003327464500183386,105.9600000000064,12.529999999999973,False,False,False,False,-1,0.365,0,11.0,NORMAL,Normal flight behavior
2026-09-23 10:01:30,D321,12.893028,77.398651,35458.25,465.19,-0.0002510000000004453,0.0019950000000079626,-123.41000000000349,1.3999999999999773,0.0020107277289658078,123.41000000000349,1.3999999999999773,False,False,False,False,1,0.064,0,1.9,NORMAL,Normal flight behavior
2026-09-23 10:01:40,D321,12.891767,77.399594,35442.04,461.1,-0.0012609999999995125,0.0009429999999923666,-16.209999999999127,-4.089999999999975,0.001574601536892548,16.209999999999127,4.089999999999975,False,False,False,False,1,0.095,0,2.8,NORMAL,Normal flight behavior
2026-09-23 10:01:50,D321,12.891214,77.401692,35495.03,459.78,-0.0005530000000000257,0.002098000000003708,52.98999999999796,-1.32000000000005,0.002169657346222114,52.98999999999796,1.32000000000005,False,False,False,False,1,0.07,0,2.1,NORMAL,Normal flight behavior
2026-09-23 10:02:00,D321,12.890532,77.404333,35361.38,467.5,-0.0006819999999994053,0.002640999999997007,-133.65000000000146,7.720000000000027,0.0027276372559384395,133.65000000000146,7.720000000000027,False,False,False,False,1,0.148,0,4.4,NORMAL,Normal flight behavior
2026-09-23 10:02:10,D321,12.890091,77.405516,35581.35,467.68,-0.00044100000000035777,0.0011830000000117025,219.97000000000116,0.18000000000000682,0.0012625252472833973,219.97000000000116,0.18000000000000682,False,False,False,False,-1,0.403,0,12.1,NORMAL,Normal flight behavior
2026-09-23 10:02:20,D321,12.888518,77.407978,35514.5,466.3,-0.0015730000000004907,0.002461999999994191,-66.84999999999854,-1.3799999999999955,0.002921604524909718,66.84999999999854,1.3799999999999955,False,False,False,False,1,0.064,0,1.9,NORMAL,Normal flight behavior
2026-09-23 10:02:30,D321,12.888216,77.409632,35491.16,460.35,-0.0003019999999995804,0.0016540000000020427,-23.339999999996508,-5.949999999999989,0.0016813446999370783,23.339999999996508,5.949999999999989,False,False,False,False,1,0.097,0,2.9,NORMAL,Normal flight behavior
2026-09-23 10:02:40,D321,12.887156,77.411638,35436.87,470.94,-0.001060000000000727,0.002005999999994401,-54.29000000000087,10.589999999999975,0.0022688402323608153,54.29000000000087,10.589999999999975,False,False,False,False,1,0.136,0,4.1,NORMAL,Normal flight behavior
2026-09-23 10:02:50,D321,12.886837,77.414244,35415.46,464.73,-0.00031899999999929207,0.0026060000000001082,-21.410000000003492,-6.2099999999999795,0.0026254517706482653,21.410000000003492,6.2099999999999795,False,False,False,False,1,0.074,0,2.2,NORMAL,Normal flight behavior
2026-09-23 10:03:00,D321,12.886085,77.416057,35620.16,467.57,-0.000752000000000308,0.0018129999999985102,204.70000000000437,2.839999999999975,0.0019627717646214147,204.70000000000437,2.839999999999975,False,False,False,False,1,0.223,0,6.7,NORMAL,Normal flight behavior
2026-09-23 10:03:10,D321,12.884877,77.417876,35489.01,465.39,-0.0012080000000000979,0.0018190000000117834,-131.15000000000146,-2.180000000000007,0.002183580774792429,131.15000000000146,2.180000000000007,False,False,False,False,1,0.073,0,2.2,NORMAL,Normal flight behavior
2026-09-23 10:03:20,D321,12.884283,77.420383,35433.84,460.68,-0.0005939999999995393,0.002506999999994264,-55.17000000000553,-4.7099999999999795,0.002576409323063921,55.17000000000553,4.7099999999999795,False,False,False,False,1,0.033,0,1.0,NORMAL,Normal flight behavior
2026-09-23 10:03:30,D321,12.882466,77.422203,35414.8,457.39,-0.0018169999999990694,0.0018199999999950478,-19.039999999993597,-3.2900000000000205,0.002571748238062698,19.039999999993597,3.2900000000000205,False,False,False,False,1,0.068,0,2.0,NORMAL,Normal flight behavior
2026-09-23 10:03:40,D321,12.882555,77.424997,35480.64,469.35,8.899999999911756e-05,0.002794000000008623,65.83999999999651,11.960000000000036,0.0027954171424043367,65.83999999999651,11.960000000000036,False,False,False,False,1,0.203,0,6.1,NORMAL,Normal flight behavior
2026-09-23 10:03:50,D321,12.881633,77.42596,35536.14,464.84,-0.0009219999999992012,0.0009629999999987149,55.5,-4.510000000000048,0.0013332115361022242,55.5,4.510000000000048,False,False,False,False,1,0.102,0,3.1,NORMAL,Normal flight behavior
2026-09-23 10:04:00,D321,12.880907,77.428129,35440.91,469.97,-0.0007260000000002265,0.0021689999999949805,-95.22999999999593,5.130000000000052,0.002287277202260048,95.22999999999593,5.130000000000052,False,False,False,False,1,0.055,0,1.6,NORMAL,Normal flight behavior
2026-09-23 10:04:10,D321,12.87993,77.429698,35513.19,462.41,-0.0009770000000006718,0.0015690000000034843,72.27999999999884,-7.560000000000002,0.0018483208595945256,72.27999999999884,7.560000000000002,False,False,False,False,1,0.086,0,2.6,NORMAL,Normal flight behavior
2026-09-23 10:04:20,D321,12.879611,77.431996,35546.15,467.9,-0.00031899999999929207,0.0022979999999961365,32.95999999999913,5.489999999999952,0.0023200355600683778,32.95999999999913,5.489999999999952,False,False,False,False,1,0.093,0,2.8,NORMAL,Normal flight behavior
2026-09-23 10:04:30,D321,12.87919,77.434327,35564.41,468.23,-0.0004210000000011149,0.0023309999999980846,18.260000000002037,0.3300000000000409,0.002368713152746024,18.260000000002037,0.3300000000000409,False,False,False,False,1,0.152,0,4.6,NORMAL,Normal flight behavior
2026-09-23 10:04:40,D321,12.878804,77.435475,35417.09,464.78,-0.00038599999999888723,0.001148000000000593,-147.32000000000698,-3.4500000000000455,0.0012111564721374783,147.32000000000698,3.4500000000000455,False,False,False,False,1,0.211,0,6.3,NORMAL,Normal flight behavior
2026-09-23 10:04:50,D321,12.878156,77.437925,35484.4,468.12,-0.0006479999999999819,0.0024500000000102773,67.31000000000495,3.340000000000032,0.002534246239032493,67.31000000000495,3.340000000000032,False,False,False,False,1,0.025,0,0.8,NORMAL,Normal flight behavior
2026-09-23 10:05:00,D321,12.877972,77.440195,35484.87,458.1,-0.00018400000000085015,0.0022699999999957754,0.47000000000116415,-10.019999999999982,0.00227744505970641,0.47000000000116415,10.019999999999982,False,False,False,False,1,0.233,0,7.0,NORMAL,Normal flight behavior
2026-09-23 10:05:10,D321,12.877224,77.441942,35408.42,468.4,-0.0007479999999997489,0.001746999999994614,-76.45000000000437,10.299999999999955,0.0019003981161800822,76.45000000000437,10.299999999999955,False,False,False,False,1,0.109,0,3.3,NORMAL,Normal flight behavior
2026-09-23 10:05:20,D321,12.877812,77.444488,35468.19,471.96,0.000588000000000477,0.002546000000009485,59.770000000004075,3.5600000000000023,0.0026130174128866533,59.770000000004075,3.5600000000000023,False,False,False,False,1,0.077,0,2.3,NORMAL,Normal flight behavior
2026-09-23 10:05:30,D321,12.876859,77.445865,35444.2,464.79,-0.0009530000000008698,0.0013769999999908578,-23.99000000000524,-7.169999999999959,0.0016746157768206056,23.99000000000524,7.169999999999959,False,False,False,False,1,0.094,0,2.8,NORMAL,Normal flight behavior
2026-09-23 10:05:40,D321,12.876245,77.448068,35490.63,466.01,-0.0006139999999987822,0.0022030000000086147,46.43000000000029,1.2199999999999704,0.0022869641448952497,46.43000000000029,1.2199999999999704,False,False,False,False,1,0.048,0,1.4,NORMAL,Normal flight behavior
2026-09-23 10:05:50,D321,12.876175,77.450476,35537.97,460.06,-7.000000000090267e-05,0.0024079999999884194,47.34000000000378,-5.949999999999989,0.0024090172269920266,47.34000000000378,5.949999999999989,False,False,False,False,1,0.117,0,3.5,NORMAL,Normal flight behavior
2026-09-23 10:06:00,D321,12.874578,77.452374,35398.99,465.1,-0.0015970000000002926,0.0018980000000112796,-138.9800000000032,5.0400000000000205,0.0024804864442370474,138.9800000000032,5.0400000000000205,False,False,False,False,1,0.082,0,2.5,NORMAL,Normal flight behavior
2026-09-23 10:06:10,D321,12.874732,77.453279,35513.49,469.04,0.00015400000000020952,0.0009049999999888314,114.5,3.9399999999999977,0.0009180092592015885,114.5,3.9399999999999977,False,False,False,False,1,0.201,0,6.0,NORMAL,Normal flight behavior
2026-09-23 10:06:20,D321,12.874569,77.454964,35448.23,467.57,-0.00016300000000057935,0.0016850000000090404,-65.25999999999476,-1.4700000000000273,0.0016928656178299135,65.25999999999476,1.4700000000000273,False,False,False,False,1,0.054,0,1.6,NORMAL,Normal flight behavior
2026-09-23 10:06:30,D321,12.873808,77.458073,35480.08,468.32,-0.0007609999999989014,0.0031089999999949214,31.849999999998545,0.75,0.003200781467074369,31.849999999998545,0.75,False,False,False,False,1,0.143,0,4.3,NORMAL,Normal flight behavior
2026-09-23 10:06:40,D321,12.874048,77.459611,35552.79,465.37,0.00023999999999979593,0.0015379999999964866,72.70999999999913,-2.9499999999999886,0.00155661298979197,72.70999999999913,2.9499999999999886,False,False,False,False,1,0.104,0,3.1,NORMAL,Normal flight behavior
2026-09-23 10:06:50,D321,12.873589,77.461627,35454.4,462.46,-0.00045899999999932106,0.0020159999999975753,-98.38999999999942,-2.910000000000025,0.0020675920777536365,98.38999999999942,2.910000000000025,False,False,False,False,1,0.024,0,0.7,NORMAL,Normal flight behavior
2026-09-23 10:07:00,D321,12.873131,77.464685,35398.69,459.55,-0.00045800000000006946,0.003058000000009997,-55.70999999999913,-2.909999999999968,0.003092107372013657,55.70999999999913,2.909999999999968,False,False,False,False,1,0.1,0,3.0,NORMAL,Normal flight behavior
2026-09-23 10:07:10,D321,12.873388,77.465916,35440.86,470.16,0.0002569999999995076,0.001231000000004201,42.169999999998254,10.610000000000014,0.0012575412518124763,42.169999999998254,10.610000000000014,False,False,False,False,1,0.186,0,5.6,NORMAL,Normal flight behavior
2026-09-23 10:07:20,D321,12.872158,77.46873,35521.68,464.05,-0.0012299999999996203,0.0028139999999865495,80.81999999999971,-6.110000000000014,0.003071074079198248,80.81999999999971,6.110000000000014,False,False,False,False,1,0.099,0,3.0,NORMAL,Normal flight behavior
2026-09-23 10:07:30,D321,12.872863,77.469758,35525.53,467.2,0.0007049999999999557,0.001028000000005136,3.849999999998545,3.1499999999999773,0.0012465187523701747,3.849999999998545,3.1499999999999773,False,False,False,False,1,0.178,0,5.3,NORMAL,Normal flight behavior
2026-09-23 10:07:40,D321,12.872121,77.472625,35482.92,462.99,-0.0007420000000006866,0.002866999999994846,-42.61000000000058,-4.2099999999999795,0.0029614612946941357,42.61000000000058,4.2099999999999795,False,False,False,False,1,0.053,0,1.6,NORMAL,Normal flight behavior
2026-09-23 10:07:50,D321,12.871384,77.473729,35601.8,466.55,-0.0007369999999990995,0.0011040000000122063,118.88000000000466,3.5600000000000023,0.0013273978303529144,118.88000000000466,3.5600000000000023,False,False,False,False,1,0.17,0,5.1,NORMAL,Normal flight behavior
2026-09-23 10:08:00,D321,12.870654,77.476074,35400.17,462.11,-0.0007300000000007856,0.0023449999999911597,-201.63000000000466,-4.439999999999998,0.002455997760577091,201.63000000000466,4.439999999999998,False,False,False,False,1,0.189,0,5.7,NORMAL,Normal flight behavior
2026-09-23 10:08:10,D321,12.87088,77.477737,35418.19,468.15,0.0002259999999996154,0.0016630000000077416,18.020000000004075,6.039999999999964,0.0016782863283795095,18.020000000004075,6.039999999999964,False,False,False,False,1,0.095,0,2.8,NORMAL,Normal flight behavior
2026-09-23 10:08:20,D321,12.870474,77.480288,60000.0,462.97,-0.00040599999999990644,0.0025509999999968613,24581.809999999998,-5.17999999999995,0.0025831060760224136,24581.809999999998,5.17999999999995,False,True,False,True,-1,0.912,2,100.0,HIGH,abnormal altitude + large altitude change + ML anomaly detected
2026-09-23 10:08:30,D321,12.869031,77.482601,35461.64,465.0,-0.001443000000000083,0.0023130000000008977,-24538.36,2.0299999999999727,0.0027262094563705835,24538.36,2.0299999999999727,False,False,False,True,-1,0.714,1,91.4,HIGH,large altitude change + ML anomaly detected
2026-09-23 10:08:40,D321,12.869731,77.484222,35508.35,474.66,0.000700000000000145,0.0016210000000000946,46.70999999999913,9.660000000000025,0.001765684286615393,46.70999999999913,9.660000000000025,False,False,False,False,1,0.173,0,5.2,NORMAL,Normal flight behavior
2026-09-23 10:08:50,D321,12.868543,77.486371,35484.42,467.07,-0.0011879999999990787,0.002149000000002843,-23.93000000000029,-7.590000000000032,0.002455513184654082,23.93000000000029,7.590000000000032,False,False,False,False,1,0.073,0,2.2,NORMAL,Normal flight behavior
2026-09-23 10:09:00,D321,12.869011,77.488203,35513.3,470.29,0.0004679999999996909,0.0018319999999931724,28.880000000004657,3.2200000000000273,0.001890832620824671,28.880000000004657,3.2200000000000273,False,False,False,False,1,0.049,0,1.5,NORMAL,Normal flight behavior
2026-09-23 10:09:10,D321,12.867854,77.489664,35418.31,458.13,-0.0011570000000009628,0.0014610000000061518,-94.99000000000524,-12.160000000000025,0.001863644279367767,94.99000000000524,12.160000000000025,False,False,False,False,1,0.192,0,5.8,NORMAL,Normal flight behavior
2026-09-23 10:09:20,D321,12.868422,77.491559,35467.72,464.89,0.0005680000000012342,0.0018949999999904321,49.41000000000349,6.759999999999991,0.001978294467455525,49.41000000000349,6.759999999999991,False,False,False,False,1,0.046,0,1.4,NORMAL,Normal flight behavior
2026-09-23 10:09:30,D321,12.867323,77.494326,35532.63,463.67,-0.0010989999999999611,0.002767000000005737,64.90999999999622,-1.2199999999999704,0.0029772621651496635,64.90999999999622,1.2199999999999704,False,False,False,False,1,0.086,0,2.6,NORMAL,Normal flight behavior
2026-09-23 10:09:40,D321,12.866733,77.496113,35466.08,472.43,-0.0005900000000007566,0.0017869999999930997,-66.54999999999563,8.759999999999991,0.0018818791140708883,66.54999999999563,8.759999999999991,False,False,False,False,1,0.112,0,3.4,NORMAL,Normal flight behavior
2026-09-23 10:09:50,D321,12.866596,77.498294,35520.77,470.69,-0.00013700000000049783,0.002181000000007316,54.68999999999505,-1.740000000000009,0.002185298606605525,54.68999999999505,1.740000000000009,False,False,False,False,1,0.045,0,1.3,NORMAL,Normal flight behavior
2026-09-23 10:10:00,D321,12.866072,77.499481,35504.98,463.39,-0.0005239999999986367,0.0011870000000016034,-15.789999999993597,-7.300000000000011,0.0012975149324776104,15.789999999993597,7.300000000000011,False,False,False,False,1,0.172,0,5.2,NORMAL,Normal flight behavior
2026-09-23 10:10:10,D321,12.865389,77.502235,35555.3,466.09,-0.0006830000000004333,0.0027539999999959264,50.31999999999971,2.6999999999999886,0.0028374292942694016,50.31999999999971,2.6999999999999886,False,False,False,False,1,0.091,0,2.7,NORMAL,Normal flight behavior
2026-09-23 10:10:20,D321,12.865324,77.504681,35495.45,476.41,-6.500000000109196e-05,0.0024460000000061655,-59.85000000000582,10.32000000000005,0.0024468635025334585,59.85000000000582,10.32000000000005,False,False,False,False,1,0.236,0,7.1,NORMAL,Normal flight behavior
2026-09-23 10:10:30,D321,12.865026,77.505296,35526.2,467.52,-0.00029799999999902127,0.0006149999999962574,30.75,-8.890000000000043,0.0006833952004475985,30.75,8.890000000000043,False,False,False,False,1,0.253,0,7.6,NORMAL,Normal flight behavior
2026-09-23 10:10:40,D321,12.864916,77.508269,35472.69,461.1,-0.00011000000000116472,0.002972999999997228,-53.50999999999476,-6.419999999999959,0.0029750342855139962,53.50999999999476,6.419999999999959,False,False,False,False,1,0.078,0,2.3,NORMAL,Normal flight behavior
2026-09-23 10:10:50,D321,12.863916,77.50966,35446.17,468.35,-0.0009999999999994458,0.0013909999999981437,-26.520000000004075,7.25,0.0017131494388971814,26.520000000004075,7.25,False,False,False,False,1,0.089,0,2.7,NORMAL,Normal flight behavior
2026-09-23 10:11:00,D321,12.864268,77.512158,35409.25,467.78,0.00035199999999946385,0.0024980000000027758,-36.919999999998254,-0.57000000000005,0.0025226787349984722,36.919999999998254,0.57000000000005,False,False,False,False,1,0.062,0,1.9,NORMAL,Normal flight behavior
2026-09-23 10:11:10,D321,12.863679,77.513756,35472.96,466.06,-0.0005889999999997286,0.0015980000000013206,63.70999999999913,-1.7199999999999704,0.0017030927749256354,63.70999999999913,1.7199999999999704,False,False,False,False,1,0.063,0,1.9,NORMAL,Normal flight behavior
2026-09-23 10:11:20,D321,12.862486,77.516259,35473.74,467.68,-0.0011929999999988894,0.002503000000004363,0.7799999999988358,1.6200000000000045,0.002772770816353056,0.7799999999988358,1.6200000000000045,False,False,False,False,1,0.114,0,3.4,NORMAL,Normal flight behavior
2026-09-23 10:11:30,D321,12.862045,77.517825,35524.34,464.51,-0.00044100000000035777,0.0015659999999968477,50.599999999998545,-3.170000000000016,0.0016269102618123848,50.599999999998545,3.170000000000016,False,False,False,False,1,0.062,0,1.9,NORMAL,Normal flight behavior
2026-09-23 10:11:40,D321,12.862691,77.51984,35494.48,469.73,0.0006459999999997024,0.0020150000000001,-29.859999999993306,5.220000000000027,0.002116020084970844,29.859999999993306,5.220000000000027,False,False,False,False,1,0.049,0,1.5,NORMAL,Normal flight behavior
2026-09-23 10:11:50,D321,12.861033,77.521296,35389.46,471.05,-0.0016579999999990491,0.0014560000000045648,-105.02000000000407,1.3199999999999932,0.0022065584062086687,105.02000000000407,1.3199999999999932,False,False,False,False,1,0.072,0,2.2,NORMAL,Normal flight behavior
2026-09-23 10:12:00,D321,12.860979,77.525023,35447.15,466.74,-5.400000000044258e-05,0.0037269999999978154,57.69000000000233,-4.310000000000002,0.00372739117882518,57.69000000000233,4.310000000000002,False,False,False,False,1,0.185,0,5.6,NORMAL,Normal flight behavior
2026-09-23 10:12:10,D321,12.861417,77.526802,35604.69,470.83,0.00043799999999905026,0.0017789999999990869,157.54000000000087,4.089999999999975,0.0018321258144559612,157.54000000000087,4.089999999999975,False,False,False,False,1,0.211,0,6.3,NORMAL,Normal flight behavior
2026-09-23 10:12:20,D321,12.86081,77.528237,35527.7,463.8,-0.0006069999999986919,0.0014350000000007412,-76.99000000000524,-7.029999999999973,0.0015580994833451873,76.99000000000524,7.029999999999973,False,False,False,False,1,0.11,0,3.3,NORMAL,Normal flight behavior
2026-09-23 10:12:30,D321,12.859673,77.529999,35470.79,464.19,-0.0011369999999999436,0.0017619999999993752,-56.90999999999622,0.38999999999998636,0.0020970009537426707,56.90999999999622,0.38999999999998636,False,False,False,False,1,0.058,0,1.7,NORMAL,Normal flight behavior
2026-09-23 10:12:40,D321,12.859879,77.532382,35486.3,471.91,0.0002059999999985962,0.002382999999994695,15.510000000002037,7.720000000000027,0.0023918873301169807,15.510000000002037,7.720000000000027,False,False,False,False,1,0.127,0,3.8,NORMAL,Normal flight behavior
2026-09-23 10:12:50,D321,12.858743,77.533923,35437.99,458.53,-0.0011359999999989157,0.0015410000000031232,-48.31000000000495,-13.380000000000052,0.001914465199476648,48.31000000000495,13.380000000000052,False,False,False,False,1,0.218,0,6.5,NORMAL,Normal flight behavior
2026-09-23 10:13:00,D321,12.858767,77.535951,35571.81,468.52,2.3999999999801958e-05,0.0020279999999957,133.8199999999997,9.990000000000009,0.0020281420068581366,133.8199999999997,9.990000000000009,False,False,False,False,1,0.234,0,7.0,NORMAL,Normal flight behavior
2026-09-23 10:13:10,D321,12.85799,77.538742,35554.26,468.33,-0.0007770000000011379,0.0027910000000019863,-17.549999999995634,-0.18999999999999773,0.002897138243165634,17.549999999995634,0.18999999999999773,False,False,False,False,1,0.179,0,5.4,NORMAL,Normal flight behavior
2026-09-23 10:13:20,D321,12.857909,77.539616,35458.67,470.35,-8.09999999997757e-05,0.0008739999999960446,-95.59000000000378,2.0200000000000387,0.0008777454072753954,95.59000000000378,2.0200000000000387,False,False,False,False,1,0.164,0,4.9,NORMAL,Normal flight behavior
2026-09-23 10:13:30,D321,12.858354,77.542617,35451.67,461.52,0.0004450000000009169,0.0030010000000118,-7.0,-8.830000000000041,0.00303381377148823,7.0,8.830000000000041,False,False,False,False,1,0.178,0,5.3,NORMAL,Normal flight behavior
2026-09-23 10:13:40,D321,12.857256,77.543293,35500.39,465.41,-0.0010980000000007095,0.0006759999999985666,48.720000000001164,3.890000000000043,0.0012894107181187927,48.720000000001164,3.890000000000043,False,False,False,False,1,0.106,0,3.2,NORMAL,Normal flight behavior
2026-09-23 10:13:50,D321,12.856614,77.545362,35511.82,463.87,-0.0006419999999991433,0.002068999999991661,11.430000000000291,-1.5400000000000205,0.0021663159972553385,11.430000000000291,1.5400000000000205,False,False,False,False,1,0.074,0,2.2,NORMAL,Normal flight behavior
2026-09-23 10:14:00,D321,12.855932,77.546851,35479.35,473.09,-0.0006820000000011817,0.0014890000000065129,-32.470000000001164,9.21999999999997,0.0016377560868520707,32.470000000001164,9.21999999999997,False,False,False,False,1,0.152,0,4.6,NORMAL,Normal flight behavior
2026-09-23 10:14:10,D321,12.856665,77.549817,35444.87,467.88,0.0007330000000003167,0.0029660000000006903,-34.479999999995925,-5.2099999999999795,0.003055232397053383,34.479999999995925,5.2099999999999795,False,False,False,False,1,0.072,0,2.2,NORMAL,Normal flight behavior
2026-09-23 10:14:20,D321,12.855201,77.552121,35526.96,470.91,-0.001464000000000354,0.0023039999999951988,82.08999999999651,3.0300000000000296,0.002729782408907148,82.08999999999651,3.0300000000000296,False,False,False,False,1,0.085,0,2.6,NORMAL,Normal flight behavior
2026-09-23 10:14:30,D321,12.85516,77.553919,35428.32,462.69,-4.099999999951365e-05,0.001797999999993749,-98.63999999999942,-8.220000000000027,0.0017984674030900537,98.63999999999942,8.220000000000027,False,False,False,False,1,0.094,0,2.8,NORMAL,Normal flight behavior
2026-09-23 10:14:40,D321,12.854709,77.556147,35535.82,462.79,-0.0004509999999999792,0.0022280000000023392,107.5,0.10000000000002274,0.0022731882896078813,107.5,0.10000000000002274,False,False,False,False,1,0.137,0,4.1,NORMAL,Normal flight behavior
2026-09-23 10:14:50,D321,12.854997,77.557892,35479.72,463.01,0.00028799999999939985,0.0017449999999996635,-56.099999999998545,0.21999999999997044,0.0017686065136141732,56.099999999998545,0.21999999999997044,False,False,False,False,1,0.091,0,2.7,NORMAL,Normal flight behavior
2026-09-23 10:15:00,D321,12.85303,77.560354,35525.21,464.87,-0.0019669999999987198,0.002462000000008402,45.48999999999796,1.8600000000000136,0.0031512748214074147,45.48999999999796,1.8600000000000136,False,False,False,False,1,0.113,0,3.4,NORMAL,Normal flight behavior
2026-09-23 10:15:10,D321,12.853627,77.562206,35387.25,463.88,0.0005969999999990705,0.0018519999999995207,-137.95999999999913,-0.9900000000000091,0.0019458450606348685,137.95999999999913,0.9900000000000091,False,False,False,False,1,0.112,0,3.4,NORMAL,Normal flight behavior
2026-09-23 10:15:20,D321,12.853518,77.563498,35498.61,460.57,-0.00010900000000013677,0.0012919999999922993,111.36000000000058,-3.3100000000000023,0.0012965897577800508,111.36000000000058,3.3100000000000023,False,False,False,False,1,0.147,0,4.4,NORMAL,Normal flight behavior
2026-09-23 10:15:30,D321,12.852987,77.565986,35384.09,470.66,-0.0005309999999987269,0.0024879999999996016,-114.52000000000407,10.090000000000032,0.0025440332151913164,114.52000000000407,10.090000000000032,False,False,False,False,1,0.158,0,4.7,NORMAL,Normal flight behavior
2026-09-23 10:15:40,D321,12.852106,77.567676,35493.03,470.59,-0.0008810000000014639,0.0016900000000106274,108.94000000000233,-0.07000000000005002,0.0019058491545866111,108.94000000000233,0.07000000000005002,False,False,False,False,1,0.131,0,3.9,NORMAL,Normal flight behavior
2026-09-23 10:15:50,D321,12.851594,77.570025,35506.73,468.77,-0.0005119999999987357,0.0023489999999952715,13.700000000004366,-1.8199999999999932,0.0024041516175101127,13.700000000004366,1.8199999999999932,False,False,False,False,1,0.085,0,2.6,NORMAL,Normal flight behavior
2026-09-23 10:16:00,D321,12.851671,77.571853,35431.34,466.34,7.699999999921658e-05,0.0018280000000032715,-75.3900000000067,-2.430000000000007,0.0018296209990082207,75.3900000000067,2.430000000000007,False,False,False,False,1,0.03,0,0.9,NORMAL,Normal flight behavior
2026-09-23 10:16:10,D321,12.850771,77.572831,35507.19,469.62,-0.0008999999999996788,0.0009779999999892652,75.85000000000582,3.2800000000000296,0.0013290914189695248,75.85000000000582,3.2800000000000296,False,False,False,False,1,0.101,0,3.0,NORMAL,Normal flight behavior
2026-09-23 10:16:20,D321,12.849855,77.575596,35518.15,474.23,-0.0009160000000001389,0.0027650000000107866,10.959999999999127,4.610000000000014,0.002912778913693915,10.959999999999127,4.610000000000014,False,False,False,False,1,0.195,0,5.8,NORMAL,Normal flight behavior
2026-09-23 10:16:30,D321,12.850408,77.577709,35470.03,471.5,0.0005530000000000257,0.0021129999999942584,-48.12000000000262,-2.730000000000018,0.00218416528678023,48.12000000000262,2.730000000000018,False,False,False,False,1,0.039,0,1.2,NORMAL,Normal flight behavior
2026-09-23 10:00:00,E654,13.099749,77.250241,31684.46,467.96,0.0,0.0,0.0,0.0,0.0,0.0,0.0,False,False,False,False,-1,0.421,0,12.6,NORMAL,Normal flight behavior
2026-09-23 10:00:10,E654,13.102465,77.250893,31640.23,470.38,0.002716000000001273,0.0006520000000023174,-44.22999999999956,2.420000000000016,0.002793163081527811,44.22999999999956,2.420000000000016,False,False,False,False,1,0.086,0,2.6,NORMAL,Normal flight behavior
2026-09-23 10:00:20,E654,13.103856,77.252605,31746.05,469.87,0.00139099999999992,0.0017119999999977153,105.81999999999971,-0.5099999999999909,0.0022058615097036247,105.81999999999971,0.5099999999999909,False,False,False,False,1,0.109,0,3.3,NORMAL,Normal flight behavior
2026-09-23 10:00:30,E654,13.105976,77.253306,31732.0,473.53,0.0021199999999996777,0.0007009999999922911,-14.049999999999272,3.659999999999968,0.002232890727283318,14.049999999999272,3.659999999999968,False,False,False,False,1,0.115,0,3.4,NORMAL,Normal flight behavior
2026-09-23 10:00:40,E654,13.107611,77.254798,31789.3,472.02,0.0016350000000002751,0.0014919999999989386,57.29999999999927,-1.509999999999991,0.0022134337577613956,57.29999999999927,1.509999999999991,False,False,False,False,1,0.107,0,3.2,NORMAL,Normal flight behavior
2026-09-23 10:00:50,E654,13.110524,77.255773,31617.15,470.8,0.0029129999999994993,0.0009750000000110504,-172.14999999999782,-1.2199999999999704,0.0030718388629644346,172.14999999999782,1.2199999999999704,False,False,False,False,1,0.303,0,9.1,NORMAL,Normal flight behavior
2026-09-23 10:01:00,E654,13.112145,77.257747,31798.29,472.15,0.0016210000000000946,0.0019739999999899283,181.13999999999942,1.349999999999966,0.002554274260912587,181.13999999999942,1.349999999999966,False,False,False,False,1,0.277,0,8.3,NORMAL,Normal flight behavior
2026-09-23 10:01:10,E654,13.114306,77.258323,31653.85,470.47,0.0021609999999991913,0.0005760000000094578,-144.44000000000233,-1.67999999999995,0.002236447406045445,144.44000000000233,1.67999999999995,False,False,False,False,1,0.163,0,4.9,NORMAL,Normal flight behavior
2026-09-23 10:01:20,E654,13.116393,77.259863,31777.03,468.29,0.0020870000000012823,0.001539999999991437,123.18000000000029,-2.180000000000007,0.0025936786616655074,123.18000000000029,2.180000000000007,False,False,False,False,1,0.107,0,3.2,NORMAL,Normal flight behavior
2026-09-23 10:01:30,E654,13.117894,77.260993,31694.21,467.94,0.0015009999999993084,0.001130000000003406,-82.81999999999971,-0.35000000000002274,0.0018788030764307424,82.81999999999971,0.35000000000002274,False,False,False,False,1,0.129,0,3.9,NORMAL,Normal flight behavior
2026-09-23 10:01:40,E654,13.120119,77.262304,31715.03,465.35,0.0022250000000010317,0.0013110000000011723,20.81999999999971,-2.589999999999975,0.0025825076960209947,20.81999999999971,2.589999999999975,False,False,False,False,1,0.094,0,2.8,NORMAL,Normal flight behavior
2026-09-23 10:01:50,E654,13.121706,77.263281,31738.49,470.96,0.0015869999999988949,0.0009770000000060008,23.460000000002765,5.609999999999957,0.0018636249622733159,23.460000000002765,5.609999999999957,False,False,False,False,1,0.104,0,3.1,NORMAL,Normal flight behavior
2026-09-23 10:02:00,E654,13.124209,77.264402,31742.9,469.82,0.00250300000000081,0.0011209999999977072,4.4099999999998545,-1.1399999999999864,0.0027425626702044415,4.4099999999998545,1.1399999999999864,False,False,False,False,1,0.139,0,4.2,NORMAL,Normal flight behavior
2026-09-23 10:02:10,E654,13.126459,77.266173,31655.66,468.98,0.0022500000000000853,0.0017709999999908632,-87.2400000000016,-0.839999999999975,0.0028633792972584025,87.2400000000016,0.839999999999975,False,False,False,False,1,0.129,0,3.9,NORMAL,Normal flight behavior
2026-09-23 10:02:20,E654,13.128013,77.266693,31834.58,470.9,0.001553999999998723,0.0005200000000087357,178.9200000000019,1.919999999999959,0.0016386933819373033,178.9200000000019,1.919999999999959,False,False,False,False,1,0.276,0,8.3,NORMAL,Normal flight behavior
2026-09-23 10:02:30,E654,13.129678,77.268239,31743.26,471.22,0.0016650000000009157,0.0015459999999904994,-91.32000000000335,0.32000000000005,0.002272078563776718,91.32000000000335,0.32000000000005,False,False,False,False,1,0.126,0,3.8,NORMAL,Normal flight behavior
2026-09-23 10:02:40,E654,13.132723,77.26934,31708.78,462.18,0.0030450000000001864,0.0011010000000055697,-34.47999999999956,-9.04000000000002,0.0032379354533426698,34.47999999999956,9.04000000000002,False,False,False,False,1,0.195,0,5.8,NORMAL,Normal flight behavior
2026-09-23 10:02:50,E654,13.133934,77.270922,31721.53,461.04,0.001210999999999629,0.0015819999999990841,12.75,-1.1399999999999864,0.0019922964136885367,12.75,1.1399999999999864,False,False,False,False,1,0.165,0,5.0,NORMAL,Normal flight behavior
2026-09-23 10:03:00,E654,13.135801,77.271997,31759.75,466.64,0.0018670000000007292,0.0010750000000001592,38.220000000001164,5.599999999999966,0.0021543709058569893,38.220000000001164,5.599999999999966,False,False,False,False,1,0.07,0,2.1,NORMAL,Normal flight behavior
2026-09-23 10:03:10,E654,13.137774,77.272636,31687.24,461.88,0.0019729999999995584,0.0006390000000067175,-72.5099999999984,-4.759999999999991,0.002073897297362346,72.5099999999984,4.759999999999991,False,False,False,False,1,0.09,0,2.7,NORMAL,Normal flight behavior
2026-09-23 10:03:20,E654,13.140305,77.274503,31635.89,474.98,0.002530999999999395,0.001866999999990071,-51.35000000000218,13.100000000000023,0.0031450993624939517,51.35000000000218,13.100000000000023,False,False,False,False,-1,0.392,0,11.8,NORMAL,Normal flight behavior
2026-09-23 10:03:30,E654,13.141959,77.27569,31729.28,470.54,0.0016540000000002664,0.0011870000000016034,93.38999999999942,-4.439999999999998,0.0020358499453556706,93.38999999999942,4.439999999999998,False,False,False,False,1,0.068,0,2.0,NORMAL,Normal flight behavior
2026-09-23 10:03:40,E654,13.144149,77.276084,31798.68,465.51,0.0021900000000005804,0.00039400000000000546,69.40000000000146,-5.03000000000003,0.0022251597695452222,69.40000000000146,5.03000000000003,False,False,False,False,1,0.083,0,2.5,NORMAL,Normal flight behavior
2026-09-23 10:03:50,E654,13.145839,77.27781,31696.45,473.11,0.0016899999999999693,0.0017260000000050013,-102.22999999999956,7.600000000000023,0.0024156108958226616,102.22999999999956,7.600000000000023,False,False,False,False,1,0.156,0,4.7,NORMAL,Normal flight behavior
2026-09-23 10:04:00,E654,13.14855,77.279205,31610.83,470.5,0.002710999999999686,0.0013950000000022555,-85.61999999999898,-2.6100000000000136,0.0030488597868719037,85.61999999999898,2.6100000000000136,False,False,False,False,1,0.134,0,4.0,NORMAL,Normal flight behavior
2026-09-23 10:04:10,E654,13.150411,77.279473,31770.42,472.67,0.0018609999999998905,0.0002679999999912752,159.5899999999965,2.170000000000016,0.0018801981278564544,159.5899999999965,2.170000000000016,False,False,False,False,1,0.219,0,6.6,NORMAL,Normal flight behavior
2026-09-23 10:04:20,E654,13.151515,77.281534,31743.36,472.6,0.0011039999999997718,0.002060999999997648,-27.05999999999767,-0.06999999999999318,0.0023380626595516643,27.05999999999767,0.06999999999999318,False,False,False,False,1,0.207,0,6.2,NORMAL,Normal flight behavior
2026-09-23 10:04:30,E654,13.153613,77.28246,31624.71,460.89,0.0020980000000001553,0.0009260000000068658,-118.65000000000146,-11.710000000000036,0.002293268409936649,118.65000000000146,11.710000000000036,False,False,False,False,1,0.274,0,8.2,NORMAL,Normal flight behavior
2026-09-23 10:04:40,E654,13.156056,77.28404,31742.18,469.75,0.002442999999999529,0.0015800000000041337,117.47000000000116,8.860000000000014,0.002909406984251389,117.47000000000116,8.860000000000014,False,False,False,False,1,0.192,0,5.8,NORMAL,Normal flight behavior
2026-09-23 10:04:50,E654,13.157925,77.284423,31713.69,471.69,0.0018690000000010087,0.0003829999999993561,-28.4900000000016,1.9399999999999977,0.0019078390917483784,28.4900000000016,1.9399999999999977,False,False,False,False,1,0.088,0,2.6,NORMAL,Normal flight behavior
2026-09-23 10:05:00,E654,13.159826,77.2863,31738.76,471.27,0.0019010000000001526,0.0018769999999932452,25.06999999999971,-0.4200000000000159,0.002671503322096984,25.06999999999971,0.4200000000000159,False,False,False,False,1,0.129,0,3.9,NORMAL,Normal flight behavior
2026-09-23 10:05:10,E654,13.162355,77.286989,31766.56,468.45,0.0025289999999991153,0.0006890000000083774,27.80000000000291,-2.819999999999993,0.002621175690412047,27.80000000000291,2.819999999999993,False,False,False,False,1,0.07,0,2.1,NORMAL,Normal flight behavior
2026-09-23 10:05:20,E654,13.164136,77.288142,31672.36,470.37,0.0017809999999993664,0.0011529999999879692,-94.20000000000073,1.920000000000016,0.0021216432310758562,94.20000000000073,1.920000000000016,False,False,False,False,1,0.062,0,1.9,NORMAL,Normal flight behavior
2026-09-23 10:05:30,E654,13.165246,77.289481,31630.62,473.12,0.0011100000000006105,0.0013390000000015334,-41.7400000000016,2.75,0.0017392587501592342,41.7400000000016,2.75,False,False,False,False,1,0.146,0,4.4,NORMAL,Normal flight behavior
2026-09-23 10:05:40,E654,13.16842,77.290454,31752.7,473.6,0.003173999999999566,0.000973000000001889,122.08000000000175,0.4800000000000182,0.0033197899029909893,122.08000000000175,0.4800000000000182,False,False,False,False,1,0.268,0,8.0,NORMAL,Normal flight behavior
2026-09-23 10:05:50,E654,13.170361,77.292086,31771.06,467.4,0.0019410000000004146,0.001632000000000744,18.360000000000582,-6.2000000000000455,0.0025359229089236997,18.360000000000582,6.2000000000000455,False,False,False,False,1,0.095,0,2.8,NORMAL,Normal flight behavior
2026-09-23 10:06:00,E654,13.172033,77.293013,31682.97,470.14,0.001672000000001006,0.000927000000004341,-88.09000000000015,2.740000000000009,0.0019117826759366275,88.09000000000015,2.740000000000009,False,False,False,False,1,0.069,0,2.1,NORMAL,Normal flight behavior
2026-09-23 10:06:10,E654,13.174139,77.294865,31742.91,472.57,0.002105999999999497,0.0018519999999995207,59.93999999999869,2.430000000000007,0.0028044856925996445,59.93999999999869,2.430000000000007,False,False,False,False,1,0.102,0,3.1,NORMAL,Normal flight behavior
2026-09-23 10:06:20,E654,13.176261,77.296675,31618.4,467.25,0.0021219999999999573,0.0018099999999918737,-124.5099999999984,-5.319999999999993,0.00278908300342073,124.5099999999984,5.319999999999993,False,False,False,False,1,0.182,0,5.5,NORMAL,Normal flight behavior
2026-09-23 10:06:30,E654,13.17859,77.296659,31780.15,470.92,0.0023289999999995814,-1.5999999988025593e-05,161.75,3.670000000000016,0.0023290549585610184,161.75,3.670000000000016,False,False,False,False,1,0.201,0,6.0,NORMAL,Normal flight behavior
2026-09-23 10:06:40,E654,13.180842,77.297555,31800.31,477.0,0.002252000000000365,0.0008959999999973434,20.159999999999854,6.079999999999984,0.0024236996513588233,20.159999999999854,6.079999999999984,False,False,False,False,1,0.206,0,6.2,NORMAL,Normal flight behavior
2026-09-23 10:06:50,E654,13.181594,77.299513,31669.07,470.12,0.000752000000000308,0.0019580000000019027,-131.2400000000016,-6.8799999999999955,0.0020974432054308204,131.2400000000016,6.8799999999999955,False,False,False,False,1,0.175,0,5.2,NORMAL,Normal flight behavior
2026-09-23 10:07:00,E654,13.183897,77.299439,31752.45,470.57,0.0023029999999995,-7.399999999790907e-05,83.38000000000102,0.44999999999998863,0.002304188577351556,83.38000000000102,0.44999999999998863,False,False,False,False,1,0.101,0,3.0,NORMAL,Normal flight behavior
2026-09-23 10:07:10,E654,13.186592,77.301844,31864.45,470.43,0.002694999999999226,0.0024049999999959937,112.0,-0.13999999999998636,0.003612070043614403,112.0,0.13999999999998636,False,False,False,False,1,0.313,0,9.4,NORMAL,Normal flight behavior
2026-09-23 10:07:20,E654,13.187958,77.302726,31700.62,461.17,0.0013660000000008665,0.0008820000000042683,-163.83000000000175,-9.259999999999991,0.001626001230014878,163.83000000000175,9.259999999999991,False,False,False,False,1,0.315,0,9.4,NORMAL,Normal flight behavior
2026-09-23 10:07:30,E654,13.189912,77.303173,31754.12,465.04,0.001953999999999567,0.000446999999994091,53.5,3.8700000000000045,0.0020044762408152977,53.5,3.8700000000000045,False,False,False,False,1,0.07,0,2.1,NORMAL,Normal flight behavior
2026-09-23 10:07:40,E654,13.191642,77.304932,31714.7,470.03,0.0017300000000002314,0.0017589999999927386,-39.419999999998254,4.989999999999952,0.002467180779751507,39.419999999998254,4.989999999999952,False,False,False,False,1,0.053,0,1.6,NORMAL,Normal flight behavior
2026-09-23 10:07:50,E654,13.194434,77.306169,31755.81,480.92,0.0027919999999994616,0.0012370000000032633,41.11000000000058,10.890000000000043,0.0030537571940160973,41.11000000000058,10.890000000000043,False,False,False,False,-1,0.393,0,11.8,NORMAL,Normal flight behavior
2026-09-23 10:08:00,E654,13.196151,77.307528,31680.25,469.22,0.0017170000000010788,0.0013590000000078817,-75.56000000000131,-11.699999999999989,0.0021897419939401826,75.56000000000131,11.699999999999989,False,False,False,False,1,0.218,0,6.5,NORMAL,Normal flight behavior
2026-09-23 10:08:10,E654,13.197646,77.308907,31733.21,461.35,0.0014950000000002461,0.001379000000000019,52.95999999999913,-7.8700000000000045,0.0020338795441227067,52.95999999999913,7.8700000000000045,False,False,False,False,1,0.124,0,3.7,NORMAL,Normal flight behavior
2026-09-23 10:08:20,E654,13.279993,77.36043,31703.05,467.39,0.08234699999999862,0.05152299999998888,-30.159999999999854,6.039999999999964,0.0971372633853694,30.159999999999854,6.039999999999964,False,False,False,False,-1,0.673,0,20.2,NORMAL,Normal flight behavior
2026-09-23 10:08:30,E654,13.201449,77.308057,31776.88,469.27,-0.07854399999999906,-0.05237299999998868,73.83000000000175,1.8799999999999955,0.09440387208689412,73.83000000000175,1.8799999999999955,False,False,False,False,-1,0.63,0,18.9,NORMAL,Normal flight behavior
2026-09-23 10:08:40,E654,13.204309,77.308213,31782.27,467.83,0.0028600000000000847,0.00015599999998983094,5.389999999999418,-1.4399999999999977,0.0028642513856149765,5.389999999999418,1.4399999999999977,False,False,False,False,1,0.163,0,4.9,NORMAL,Normal flight behavior
2026-09-23 10:08:50,E654,13.206058,77.306154,31684.5,471.37,0.0017490000000002226,-0.0020589999999884867,-97.77000000000044,3.5400000000000205,0.002701570284103926,97.77000000000044,3.5400000000000205,False,False,False,False,1,0.094,0,2.8,NORMAL,Normal flight behavior
2026-09-23 10:09:00,E654,13.207667,77.304316,31673.71,468.77,0.0016090000000001936,-0.0018380000000064456,-10.790000000000873,-2.6000000000000227,0.002442769944146259,10.790000000000873,2.6000000000000227,False,False,False,False,1,0.096,0,2.9,NORMAL,Normal flight behavior
2026-09-23 10:09:10,E654,13.210609,77.303804,31757.72,469.33,0.002941999999999112,-0.000512000000000512,84.01000000000204,0.5600000000000023,0.0029862196838135167,84.01000000000204,0.5600000000000023,False,False,False,False,1,0.116,0,3.5,NORMAL,Normal flight behavior
2026-09-23 10:09:20,E654,13.212491,77.303263,31797.57,463.06,0.0018820000000001613,-0.0005409999999983484,39.849999999998545,-6.269999999999982,0.001958214748182339,39.849999999998545,6.269999999999982,False,False,False,False,1,0.105,0,3.2,NORMAL,Normal flight behavior
2026-09-23 10:09:30,E654,13.214083,77.301904,31749.89,472.55,0.001592000000000482,-0.0013590000000078817,-47.68000000000029,9.490000000000009,0.002093166261915894,47.68000000000029,9.490000000000009,False,False,False,False,1,0.16,0,4.8,NORMAL,Normal flight behavior
2026-09-23 10:09:40,E654,13.216023,77.300102,31625.17,467.42,0.0019399999999993867,-0.0018019999999978609,-124.72000000000116,-5.1299999999999955,0.0026477922879240188,124.72000000000116,5.1299999999999955,False,False,False,False,1,0.16,0,4.8,NORMAL,Normal flight behavior
2026-09-23 10:09:50,E654,13.219071,77.299006,31609.44,472.93,0.0030479999999997176,-0.0010959999999897718,-15.729999999999563,5.509999999999991,0.00323906159249494,15.729999999999563,5.509999999999991,False,False,False,False,1,0.231,0,6.9,NORMAL,Normal flight behavior
2026-09-23 10:10:00,E654,13.220342,77.298515,31755.26,473.38,0.0012710000000009103,-0.0004910000000108994,145.8199999999997,0.44999999999998863,0.0013625424764068888,145.8199999999997,0.44999999999998863,False,False,False,False,1,0.278,0,8.3,NORMAL,Normal flight behavior
2026-09-23 10:10:10,E654,13.222736,77.296502,31670.37,465.62,0.002393999999998897,-0.0020129999999909387,-84.88999999999942,-7.759999999999991,0.0031278435063088177,84.88999999999942,7.759999999999991,False,False,False,False,1,0.168,0,5.0,NORMAL,Normal flight behavior
2026-09-23 10:10:20,E654,13.223894,77.296173,31758.68,471.95,0.0011580000000002144,-0.0003290000000077953,88.31000000000131,6.329999999999984,0.0012038293068394814,88.31000000000131,6.329999999999984,False,False,False,False,1,0.221,0,6.6,NORMAL,Normal flight behavior
2026-09-23 10:10:30,E654,13.225272,77.294123,31616.86,474.68,0.0013780000000007675,-0.0020499999999969987,-141.8199999999997,2.730000000000018,0.0024700979737633504,141.8199999999997,2.730000000000018,False,False,False,False,1,0.223,0,6.7,NORMAL,Normal flight behavior
2026-09-23 10:10:40,E654,13.228634,77.293512,31667.79,475.93,0.003361999999999199,-0.0006109999999921456,50.93000000000029,1.25,0.003417069651029229,50.93000000000029,1.25,False,False,False,False,1,0.274,0,8.2,NORMAL,Normal flight behavior
2026-09-23 10:10:50,E654,13.229899,77.291514,31669.14,468.28,0.0012650000000000716,-0.0019980000000003884,1.3499999999985448,-7.650000000000034,0.002364789419800785,1.3499999999985448,7.650000000000034,False,False,False,False,1,0.19,0,5.7,NORMAL,Normal flight behavior
2026-09-23 10:11:00,E654,13.23202,77.290735,31642.24,474.85,0.0021210000000007057,-0.0007790000000085229,-26.899999999997817,6.57000000000005,0.002259531367345068,26.899999999997817,6.57000000000005,False,False,False,False,1,0.16,0,4.8,NORMAL,Normal flight behavior
2026-09-23 10:11:10,E654,13.23394,77.289314,31793.62,465.27,0.0019200000000001438,-0.0014209999999934553,151.37999999999738,-9.580000000000041,0.002388648362564476,151.37999999999738,9.580000000000041,False,False,False,False,1,0.268,0,8.0,NORMAL,Normal flight behavior
2026-09-23 10:11:20,E654,13.235348,77.288909,31840.48,468.15,0.0014079999999996318,-0.00040500000000065484,46.86000000000058,2.8799999999999955,0.0014650900996182772,46.86000000000058,2.8799999999999955,False,False,False,False,1,0.158,0,4.7,NORMAL,Normal flight behavior
2026-09-23 10:11:30,E654,13.237982,77.286741,31727.33,468.1,0.0026340000000004693,-0.0021679999999975053,-113.14999999999782,-0.049999999999954525,0.0034114776856945224,113.14999999999782,0.049999999999954525,False,False,False,False,1,0.269,0,8.1,NORMAL,Normal flight behavior
2026-09-23 10:11:40,E654,13.239959,77.286164,31661.11,468.55,0.0019770000000001176,-0.0005770000000069331,-66.22000000000116,0.44999999999998863,0.002059480031466308,66.22000000000116,0.44999999999998863,False,False,False,False,1,0.112,0,3.4,NORMAL,Normal flight behavior
2026-09-23 10:11:50,E654,13.241278,77.284658,31721.39,470.92,0.0013189999999987378,-0.0015060000000062246,60.279999999998836,2.3700000000000045,0.0020019483010346242,60.279999999998836,2.3700000000000045,False,False,False,False,1,0.066,0,2.0,NORMAL,Normal flight behavior
2026-09-23 10:12:00,E654,13.244096,77.283962,31634.62,464.05,0.0028180000000013194,-0.0006959999999907041,-86.77000000000044,-6.8700000000000045,0.0029026780737785056,86.77000000000044,6.8700000000000045,False,False,False,False,1,0.14,0,4.2,NORMAL,Normal flight behavior
2026-09-23 10:12:10,E654,13.246212,77.281584,31738.0,465.28,0.0021159999999991186,-0.0023780000000073187,103.38000000000102,1.2299999999999613,0.003183133676117149,103.38000000000102,1.2299999999999613,False,False,False,False,1,0.148,0,4.4,NORMAL,Normal flight behavior
2026-09-23 10:12:20,E654,13.248629,77.2813,31713.85,474.91,0.0024169999999994474,-0.00028399999999351166,-24.150000000001455,9.630000000000052,0.0024336279501997924,24.150000000001455,9.630000000000052,False,False,False,False,1,0.199,0,6.0,NORMAL,Normal flight behavior
2026-09-23 10:12:30,E654,13.249575,77.279651,31651.31,466.54,0.0009460000000007796,-0.0016490000000004557,-62.539999999997235,-8.370000000000005,0.0019010831123343812,62.539999999997235,8.370000000000005,False,False,False,False,1,0.137,0,4.1,NORMAL,Normal flight behavior
2026-09-23 10:12:40,E654,13.252024,77.278998,31784.69,462.7,0.0024490000000003675,-0.0006529999999997926,133.37999999999738,-3.840000000000032,0.0025345630787182096,133.37999999999738,3.840000000000032,False,False,False,False,1,0.173,0,5.2,NORMAL,Normal flight behavior
2026-09-23 10:12:50,E654,13.253931,77.277157,31714.68,479.34,0.0019069999999992149,-0.0018409999999988713,-70.0099999999984,16.639999999999986,0.0026506470908049698,70.0099999999984,16.639999999999986,False,False,False,False,-1,0.568,0,17.0,NORMAL,Normal flight behavior
2026-09-23 10:13:00,E654,13.256117,77.27676,31844.64,474.51,0.0021860000000000213,-0.00039700000000664204,129.95999999999913,-4.829999999999984,0.0022217571874544183,129.95999999999913,4.829999999999984,False,False,False,False,1,0.182,0,5.5,NORMAL,Normal flight behavior
2026-09-23 10:13:10,E654,13.257821,77.27469,31725.19,467.73,0.0017040000000001498,-0.002069999999989136,-119.45000000000073,-6.779999999999973,0.002681140801963883,119.45000000000073,6.779999999999973,False,False,False,False,1,0.15,0,4.5,NORMAL,Normal flight behavior
2026-09-23 10:13:20,E654,13.25939,77.274096,31742.95,477.08,0.0015689999999999316,-0.0005940000000066448,17.760000000002037,9.349999999999966,0.0016776760712389263,17.760000000002037,9.349999999999966,False,False,False,False,1,0.267,0,8.0,NORMAL,Normal flight behavior
2026-09-23 10:13:30,E654,13.261855,77.272912,31687.07,473.49,0.0024650000000008276,-0.0011839999999949669,-55.88000000000102,-3.589999999999975,0.002734608015784376,55.88000000000102,3.589999999999975,False,False,False,False,1,0.124,0,3.7,NORMAL,Normal flight behavior
2026-09-23 10:13:40,E654,13.26395,77.271131,31726.19,471.56,0.002094999999998848,-0.0017810000000082482,39.11999999999898,-1.9300000000000068,0.0027497247134985266,39.11999999999898,1.9300000000000068,False,False,False,False,1,0.087,0,2.6,NORMAL,Normal flight behavior
2026-09-23 10:13:50,E654,13.266102,77.270818,31640.12,466.63,0.002152000000000598,-0.000312999999991348,-86.06999999999971,-4.930000000000007,0.0021746431891225644,86.06999999999971,4.930000000000007,False,False,False,False,1,0.088,0,2.6,NORMAL,Normal flight behavior
2026-09-23 10:14:00,E654,13.268256,77.26891,31741.43,460.32,0.002153999999999101,-0.0019080000000002428,101.31000000000131,-6.310000000000002,0.0028775301909792455,101.31000000000131,6.310000000000002,False,False,False,False,1,0.147,0,4.4,NORMAL,Normal flight behavior
2026-09-23 10:14:10,E654,13.271086,77.267892,31798.64,468.65,0.0028300000000012204,-0.0010180000000019618,57.20999999999913,8.329999999999984,0.0030075278884843116,57.20999999999913,8.329999999999984,False,False,False,False,1,0.152,0,4.6,NORMAL,Normal flight behavior
2026-09-23 10:14:20,E654,13.272166,77.267397,31796.95,469.18,0.0010799999999999699,-0.0004950000000008004,-1.6899999999986903,0.5300000000000296,0.0011880340904202738,1.6899999999986903,0.5300000000000296,False,False,False,False,1,0.275,0,8.2,NORMAL,Normal flight behavior
2026-09-23 10:14:30,E654,13.273946,77.266001,31866.99,470.77,0.0017800000000001148,-0.0013959999999997308,70.04000000000087,1.589999999999975,0.002262126433248075,70.04000000000087,1.589999999999975,False,False,False,False,1,0.109,0,3.3,NORMAL,Normal flight behavior
2026-09-23 10:14:40,E654,13.276783,77.264303,31784.12,474.4,0.0028369999999995343,-0.0016980000000046402,-82.87000000000262,3.6299999999999955,0.0033063231844472065,82.87000000000262,3.6299999999999955,False,False,False,False,1,0.189,0,5.7,NORMAL,Normal flight behavior
2026-09-23 10:14:50,E654,13.277836,77.262901,31795.72,467.87,0.0010530000000006368,-0.001401999999998793,11.600000000002183,-6.529999999999973,0.0017534004106301436,11.600000000002183,6.529999999999973,False,False,False,False,1,0.132,0,4.0,NORMAL,Normal flight behavior
2026-09-23 10:15:00,E654,13.279642,77.261726,31694.86,473.43,0.0018060000000001963,-0.0011750000000034788,-100.86000000000058,5.560000000000002,0.0021545906803866217,100.86000000000058,5.560000000000002,False,False,False,False,1,0.116,0,3.5,NORMAL,Normal flight behavior
2026-09-23 10:15:10,E654,13.282206,77.261086,31752.28,467.62,0.0025639999999995666,-0.0006399999999899819,57.419999999998254,-5.810000000000002,0.0026426683484661777,57.419999999998254,5.810000000000002,False,False,False,False,1,0.086,0,2.6,NORMAL,Normal flight behavior
2026-09-23 10:15:20,E654,13.284279,77.260073,31762.07,471.8,0.0020729999999993254,-0.0010130000000003747,9.790000000000873,4.180000000000007,0.0023072706819959295,9.790000000000873,4.180000000000007,False,False,False,False,1,0.09,0,2.7,NORMAL,Normal flight behavior
2026-09-23 10:15:30,E654,13.285693,77.258485,31677.79,469.9,0.0014140000000004704,-0.0015880000000123573,-84.27999999999884,-1.900000000000034,0.0021262972511012137,84.27999999999884,1.900000000000034,False,False,False,False,1,0.06,0,1.8,NORMAL,Normal flight behavior
2026-09-23 10:15:40,E654,13.287344,77.256547,31715.54,467.81,0.0016509999999989589,-0.0019379999999955544,37.75,-2.089999999999975,0.002545907500279484,37.75,2.089999999999975,False,False,False,False,1,0.067,0,2.0,NORMAL,Normal flight behavior
2026-09-23 10:15:50,E654,13.290043,77.255946,31728.81,472.43,0.0026990000000015613,-0.0006010000000031823,13.270000000000437,4.6200000000000045,0.0027651043379974386,13.270000000000437,4.6200000000000045,False,False,False,False,1,0.121,0,3.6,NORMAL,Normal flight behavior
2026-09-23 10:16:00,E654,13.291815,77.254712,31814.3,470.01,0.0017719999999989966,-0.0012339999999966267,85.48999999999796,-2.420000000000016,0.0021593378614723816,85.48999999999796,2.420000000000016,False,False,False,False,1,0.062,0,1.9,NORMAL,Normal flight behavior
2026-09-23 10:16:10,E654,13.293928,77.253633,31717.32,467.16,0.0021129999999995874,-0.001079000000004271,-96.97999999999956,-2.849999999999966,0.0023725534767434584,96.97999999999956,2.849999999999966,False,False,False,False,1,0.062,0,1.9,NORMAL,Normal flight behavior
2026-09-23 10:16:20,E654,13.295601,77.252095,31779.38,467.48,0.0016730000000002576,-0.0015379999999964866,62.06000000000131,0.3199999999999932,0.0022725256874213885,62.06000000000131,0.3199999999999932,False,False,False,False,1,0.129,0,3.9,NORMAL,Normal flight behavior
2026-09-23 10:16:30,E654,13.297938,77.25148,31710.3,472.53,0.0023370000000006996,-0.0006149999999962574,-69.08000000000175,5.0499999999999545,0.00241656657263951,69.08000000000175,5.0499999999999545,False,False,False,False,1,0.09,0,2.7,NORMAL,Normal flight behavior
